Country Name,Country Code,Indicator Name,Indicator Code,1960,1961,1962,1963,1964,1965,1966,1967,1968,1969,1970,1971,1972,1973,1974,1975,1976,1977,1978,1979,1980,1981,1982,1983,1984,1985,1986,1987,1988,1989,1990,1991,1992,1993,1994,1995,1996,1997,1998,1999,2000,2001,2002,2003,2004,2005,2006,2007,2008,2009,2010,2011,2012,2013,2014,2015,2016,2017,2018,2019,2020,2021,2022,2023,2024,2025
Sub-Saharan Africa,SSF,GDP per capita (current US$),NY.GDP.PCAP.CD,158.0667048653371,160.87041390823944,169.6612971645583,188.2477574335863,182.6228773151583,196.06683759637224,207.1215873943866,202.0620513952454,210.6114886330684,231.53448535107117,251.71727323662424,251.91913038318117,276.3612875264953,342.7097881947297,422.7004174114789,451.1933541531192,474.530999538016,507.1426429254551,551.6543471188694,631.1226526885985,769.8213883887563,1008.196434449152,908.8287023771228,791.938401952333,687.6069483198497,637.8329189716521,580.837628498766,631.9163161364111,646.8027973528965,640.1704271091238,728.9261020159088,759.7152489188005,665.3044236583141,654.326096747387,651.4948956533076,807.0686814793409,877.9339131826229,899.3193550030912,878.1120126107708,610.4059681299282,629.8595532040904,587.7109018694038,625.805568583085,766.9147122414181,926.9432661982904,1074.1247631066492,1234.756098921125,1391.2680358288742,1537.3833309426186,1427.577874957724,1643.3075352337062,1796.161098292259,1818.0612544925168,1880.3998046236436,1907.732109070644,1647.3208582683578,1456.6521111592897,1549.188319085846,1622.5957532963369,1797.041217654148,1628.4387334686862,1785.9811819114375,1864.7068611192456,1682.2261488118966,1542.6584426161917,1673.0707757449677
Sub-Saharan Africa,SSF,"Government expenditure on education, total (% of GDP)",SE.XPD.TOTL.GD.ZS,,,,,,,,,,,,,,,,,,,,,,,,,,,,,,,,,,,,,,,,2.96396994590759,2.6460949182510403,2.707200050354,2.81047010421753,,2.91176009178162,2.91943001747131,2.9204449653625497,,2.77728009223938,3.116560101509095,3.07808995246887,3.07762002944946,3.2816699743270847,3.56775999069214,3.32569003105164,3.570629954338075,3.28257989883423,3.53460991382599,3.38626492023468,3.24716413970868,3.403950396402565,3.31281536274069,3.0972642678305,3.25853222146531,,
Sub-Saharan Africa,SSF,"Literacy rate, adult female (% of females ages 15 and above)",SE.ADT.LITR.FE.ZS,,,,,,,,,,,,,,,,,,,,,,,,,,38.8600006103516,39.2299995422363,39.9300003051758,40.5200004577637,41.0999984741211,41.8400001525879,42.2200012207031,42.8199996948242,43.6100006103516,44.25,45.0299987792969,45.9300003051758,47.0499992370605,47.7700004577637,48.689998626709,47.2299995422363,48.189998626709,48.4500007629395,49.2200012207031,49.8800010681152,49.6599998474121,48.810001373291,49.0099983215332,49.4300003051758,49.9599990844727,50.8899993896484,52.9000015258789,54.2400016784668,55.2400016784668,56.0299987792969,56.810001373291,57.6500015258789,58.189998626709,60.3199996948242,61.1500015258789,61.4000015258789,61.4500007629395,61.9000015258789,62.2999992370605,62.6599998474121,
Sub-Saharan Africa,SSF,"Literacy rate, adult male (% of males ages 15 and above)",SE.ADT.LITR.MA.ZS,,,,,,,,,,,,,,,,,,,,,,,,,,60.9500007629395,61.2200012207031,61.7900009155273,62.2200012207031,62.6599998474121,63.1599998474121,63.439998626709,63.7999992370605,64.2200012207031,64.7699966430664,64.9000015258789,65.2799987792969,65.7799987792969,66.4000015258789,67.1999969482422,66.4100036621094,66.9700012207031,68.129997253418,68.4000015258789,69.0899963378906,68.6399993896484,67.6699981689453,67.0299987792969,67.2699966430664,67.6800003051758,68.0699996948242,69.4199981689453,70.5299987792969,71.2799987792969,71.5599975585938,71.9599990844727,72.3499984741211,72.5199966430664,74.129997253418,74.5,74.5599975585938,74.4000015258789,74.5800018310547,74.75,74.879997253418,
Sub-Saharan Africa,SSF,"Literacy rate, adult total (% of people ages 15 and above)",SE.ADT.LITR.ZS,,,,,,,,,,,,,,,,,,,,,,,,,,49.6599998474121,49.9900016784668,50.6300010681152,51.1399993896484,51.6800003051758,52.3199996948242,52.6699981689453,53.1399993896484,53.7200012207031,54.3400001525879,54.7400016784668,55.3699989318848,56.1599998474121,56.8300018310547,57.7000007629395,56.5699996948242,57.3400001525879,58.0499992370605,58.5800018310547,59.2599983215332,58.939998626709,58.0299987792969,57.8300018310547,58.1699981689453,58.6500015258789,59.3199996948242,61.0099983215332,62.2400016784668,63.1199989318848,63.6699981689453,64.2600021362305,64.8899993896484,65.25,67.129997253418,67.7300033569336,67.8899993896484,67.8399963378906,68.1500015258789,68.4400024414062,68.6900024414062,
Sub-Saharan Africa,SSF,"Population, total",SP.POP.TOTL,227706653.0,233241597.0,239026415.0,245034711.0,251288504.0,257787921.0,264483132.0,271416274.0,278647329.0,286170368.0,293976226.0,301997112.0,310201919.0,318869838.0,327990755.0,337373665.0,347025940.0,356821508.0,367355255.0,378570328.0,389829761.0,401671969.0,414253738.0,426709978.0,439111854.0,452014893.0,465259300.0,478911799.0,492715455.0,506724902.0,521029972.0,535328746.0,549973046.0,565251301.0,580483156.0,596081868.0,612267246.0,628567583.0,645494313.0,662922716.0,680768792.0,699215347.0,718276009.0,737918076.0,758237956.0,779233636.0,800828364.0,823124982.0,846224198.0,869926373.0,894259855.0,919112234.0,944523292.0,970746312.0,997426231.0,1024659421.0,1052166739.0,1080208893.0,1109196428.0,1138472475.0,1168133785.0,1198069722.0,1228187451.0,1258809472.0,1289936286.0,1321654217.0
Sub-Saharan Africa,SSF,"Primary completion rate, total (% of relevant age group)",SE.PRM.CMPT.ZS,,,,,,,,,,,,45.9109191894531,46.2447395324707,46.6223983764648,47.049129486084,47.9757995605469,48.7100296020508,49.7846908569336,51.0701217651367,52.482349395752,52.9465293884277,53.9705390930176,54.7202682495117,55.1734085083008,57.0515403747559,54.8260498046875,54.800651550293,54.282901763916,53.4930381774902,52.518669128418,53.0577011108398,53.3805198669434,52.7355995178223,53.4798583984375,52.7453918457031,52.8174285888672,53.2490310668945,52.9948081970215,52.3001289367676,52.3759117126465,52.7868804931641,54.4109191894531,55.4567108154297,56.4152717590332,57.4124488830566,59.4836006164551,62.1734085083008,61.9109916687012,62.5015487670898,65.6601104736328,65.9001617431641,65.6769180297852,65.7487869262695,65.6354522705078,66.0308074951172,66.2581787109375,66.7362670898438,67.1070938110352,67.8915863037109,68.2892684936523,69.0565490722656,69.8967132568359,68.9824600219727,68.7689590454102,68.9090194702148,
Sub-Saharan Africa,SSF,"School enrollment, primary (% gross)",SE.PRM.ENRR,,,,,,,,,,,54.9469108581543,53.5029716491699,54.6931686401367,55.9473114013672,58.1061515808105,59.6615715026855,60.7620811462402,64.017707824707,67.6707916259766,72.0214385986328,75.0645065307617,77.629020690918,79.7259674072266,79.6274795532227,78.7637176513672,76.3593902587891,73.7078704833984,72.1757583618164,71.2265014648438,71.9342269897461,71.1211166381836,72.1161575317383,72.0140686035156,73.3198699951172,73.4761428833008,74.0089874267578,72.0408325195312,75.3786697387695,76.6755905151367,77.1475372314453,79.4738082885742,81.3402481079102,83.4894866943359,85.9780197143555,87.9946899414062,90.3313522338867,92.0808029174805,92.9380798339844,94.1902084350586,94.5845794677734,94.4356536865234,95.7367477416992,96.5240173339844,96.5599136352539,96.1997222900391,94.6371231079102,94.8517684936523,95.3999404907227,96.1621475219727,97.0975570678711,97.9075698852539,97.1371994018555,96.0115814208984,96.7635879516602,97.1016311645508,
Sub-Saharan Africa,SSF,"School enrollment, primary (gross), gender parity index (GPI)",SE.ENR.PRIM.FM.ZS,,,,,,,,,,,0.712830007076263,0.718680024147034,0.728489995002747,0.736469984054565,0.747179985046387,0.751709997653961,0.753549993038177,0.76911997795105,0.781539976596832,0.786319971084595,0.797940015792847,0.80773001909256,0.808839976787567,0.807640016078949,0.812539994716644,0.815519988536835,0.821039974689484,0.832120001316071,0.813570022583008,0.840330004692078,0.830569982528687,0.837989985942841,0.843370020389557,0.842930018901825,0.844709992408752,0.839510023593903,0.842589974403381,0.841560006141663,0.838599979877472,0.847029983997345,0.85113000869751,0.858370006084442,0.857649981975555,0.865199983119965,0.873070001602173,0.882319986820221,0.894320011138916,0.903620004653931,0.910730004310608,0.918860018253326,0.924730002880096,0.922990024089813,0.936619997024536,0.943870007991791,0.949919998645782,0.956130027770996,0.954039990901947,0.956229984760284,0.957350015640259,0.957449972629547,0.957690000534058,,,,,
Sub-Saharan Africa,SSF,"School enrollment, primary, female (% gross)",SE.PRM.ENRR.FE,,,,,,,,,,,45.6589317321777,44.5410194396973,45.8912315368652,47.2516708374023,49.5090789794922,51.022331237793,52.0504989624023,55.4943313598633,59.1839408874512,63.165901184082,66.3649597167969,69.1672134399414,71.0583724975586,70.9056701660156,70.3890609741211,68.3841781616211,66.3025588989258,65.4335403442383,63.7934989929199,65.5983734130859,64.4483032226562,65.6944198608398,65.8407592773438,67.0035781860352,67.2187423706055,67.4884262084961,65.8393936157227,68.8397979736328,69.9141998291016,70.737190246582,73.0617523193359,75.1246566772461,77.0870208740234,79.7613372802734,82.0270690917969,84.668571472168,86.9262771606445,88.210807800293,89.7540130615234,90.5469284057617,90.6984329223633,91.8487396240234,93.3054428100586,93.7149963378906,93.6550521850586,92.4328994750977,92.5473709106445,93.1984634399414,94.004997253418,95.1917495727539,96.1995086669922,95.6992416381836,94.7146530151367,95.5062408447266,95.9708023071289,
Sub-Saharan Africa,SSF,"School enrollment, primary, male (% gross)",SE.PRM.ENRR.MA,,,,,,,,,,,64.2174835205078,62.4482307434082,63.4775390625,64.6219635009766,66.6773376464844,68.2701110839844,69.4369888305664,72.4994430541992,76.1132888793945,80.8315200805664,83.7136535644531,86.0174865722656,88.3183670043945,88.268669128418,87.0555267333984,84.2571105957031,81.0336227416992,78.8435134887695,78.5725936889648,78.1940078735352,77.7102508544922,78.4544219970703,78.1055297851562,79.5603179931641,79.6559677124023,80.4456024169922,78.1595611572266,81.8284530639648,83.3418197631836,83.4653701782227,85.7908401489258,87.4623718261719,89.7938995361328,92.0982666015625,93.8676605224609,95.9030532836914,97.1519165039062,97.589111328125,98.554817199707,98.5559463500977,98.1104965209961,99.5589218139648,99.6873092651367,99.3543701171875,98.6988525390625,96.8013381958008,97.1134872436523,97.5598068237305,98.2779006958008,98.9664001464844,99.5822906494141,98.5470428466797,97.2830429077148,97.9959487915039,98.2101593017578,
Sub-Saharan Africa,SSF,"School enrollment, secondary (% gross)",SE.SEC.ENRR,,,,,,,,,,,13.2196397781372,12.8705902099609,13.5202198028565,13.8370704650879,14.0305099487305,14.5402402877808,14.788519859314,15.3100204467773,16.0955696105957,16.9570693969727,18.1170597076416,19.3442707061768,20.5969696044922,21.7499809265137,22.7951793670654,23.2565994262695,22.8346996307373,23.0330295562744,23.0214996337891,22.4724407196045,22.6459808349609,22.9057197570801,22.8328704833984,23.0079898834229,23.2050495147705,23.7044296264648,23.9030494689941,24.0918693542481,24.6314792633057,24.8870506286621,25.4356002807617,26.7454109191894,27.7354907989502,28.8454208374023,30.3758201599121,31.2892894744873,32.2884407043457,33.1736717224121,35.0536117553711,36.7800216674805,38.6372413635254,39.7799110412598,40.9930000305176,43.3622894287109,42.3408889770508,42.8760604858398,42.5216102600098,42.9023704528809,43.1964416503906,44.0328903198242,44.704761505127,45.3296394348145,45.4347686767578,45.7079315185547,45.9050216674805,
Sub-Saharan Africa,SSF,"School enrollment, tertiary (% gross)",SE.TER.ENRR,,,,,,,,,,,1.41486001014709,1.37776005268097,1.45711994171143,1.45457005500794,1.52420997619629,1.57669997215271,1.63738000392914,1.72324001789093,1.8309600353241,1.96464002132416,2.06377005577087,2.20421004295349,2.35640001296997,2.41128993034363,2.46070003509521,2.58812999725342,2.69552993774414,2.74095988273621,2.87684011459351,3.01756000518799,3.07052993774414,3.19055008888245,3.31670999526977,3.46866011619568,3.63604998588562,3.70559000968933,3.78944993019104,3.89790010452271,3.98570990562439,4.03235006332397,4.38447999954224,4.7371997833252,5.08393001556396,5.46747016906738,5.72870016098022,6.05515003204346,6.24377012252808,6.42028999328613,6.74998998641968,7.13790988922119,7.58255004882812,7.91926002502441,8.23978996276855,8.56149959564209,8.72679042816162,8.83660984039307,8.84762001037598,8.98320960998535,9.08197975158691,9.09492015838623,9.19791030883789,9.27116012573242,,,,
World,WLD,GDP per capita (current US$),NY.GDP.PCAP.CD,452.6533556774785,471.9319333121912,496.105588960377,525.1864164259835,563.8506669352022,601.8885929456375,638.9707007068763,664.401307345425,703.4621341481184,761.1114031921702,817.6834939330389,884.8789863691284,1002.0015269077584,1201.531529545241,1362.1891909778633,1488.937630616232,1589.7336654380276,1766.278816544922,2055.4940430146,2335.1868680370912,2587.0099259410363,2628.6169990817807,2554.0760531219253,2561.169336155957,2614.330282692896,2690.5916183601234,3118.57247275326,3487.8766637539397,3829.9922477121854,3930.506669630089,4338.943330253209,4453.896415547334,4679.982005007737,4685.295642604008,4967.012359835706,5463.196242405318,5507.223439676663,5408.569535221599,5302.339566833719,5401.227188628402,5512.561771638674,5404.202698228484,5539.324650026919,6129.866382739802,6818.003753248356,7290.566145329703,7803.194672226012,8685.331086807928,9425.737816048226,8827.04322994899,9555.06543969498,10496.9310026996,10597.846078259512,10759.345733668932,10912.244777563805,10191.975251266247,10239.465664573798,10784.395089629656,11344.728168656036,11417.5958587724,10999.491758178092,12472.907415719084,12876.237712407245,13313.857582600129,13717.090995633784,14405.848459552815
World,WLD,"Government expenditure on education, total (% of GDP)",SE.XPD.TOTL.GD.ZS,,,,,,,,,,,,,,,,,,,,,,,,,,,,,,,,,,,,,,,,4.03683495521545,3.78288507461548,3.90370011329651,3.86491990089417,4.050784945487974,3.943519949913025,4.02098989486694,3.9919849634170497,4.04881000518799,4.22755002975464,4.65950012207031,4.18953990936279,4.06764507293701,4.03481006622315,4.34479999542236,4.20045018196106,4.21141505241394,4.154150009155275,4.09265494346619,4.182930231094365,4.15775012969971,4.34224486351013,4.199107104917225,3.86129930773508,3.569274751380525,,
World,WLD,"Literacy rate, adult female (% of females ages 15 and above)",SE.ADT.LITR.FE.ZS,,,,,,,,,,,,,,,,,56.6800003051758,57.060001373291,57.8199996948242,58.6199989318848,59.3800010681152,60.1300010681152,60.8600006103516,61.5800018310547,62.4199981689453,63.1699981689453,63.8499984741211,64.6500015258789,66.5899963378906,67.25,67.9499969482422,68.4800033569336,69.0,69.5100021362305,70.0500030517578,70.629997253418,71.1699981689453,73.9700012207031,75.1699981689453,75.6600036621094,75.9199981689453,76.2600021362305,76.6600036621094,77.1699981689453,77.5899963378906,77.5,77.5999984741211,78.4400024414062,78.9000015258789,79.3099975585938,80.1699981689453,80.5899963378906,80.8399963378906,81.1900024414062,81.6800003051758,82.129997253418,82.5599975585938,82.8300018310547,83.2399978637695,83.3399963378906,83.5899963378906,83.8399963378906,84.120002746582,84.370002746582,84.5899963378906,
World,WLD,"Literacy rate, adult male (% of males ages 15 and above)",SE.ADT.LITR.MA.ZS,,,,,,,,,,,,,,,,74.4199981689453,74.5299987792969,74.7900009155273,75.2699966430664,75.7600021362305,76.2099990844727,76.6500015258789,77.0800018310547,77.4899978637695,77.9599990844727,78.379997253418,78.7799987792969,79.3199996948242,80.6100006103516,80.9899978637695,81.4000015258789,81.7300033569336,82.120002746582,82.5299987792969,82.870002746582,83.2099990844727,83.5199966430664,84.7200012207031,85.9599990844727,86.2300033569336,86.3899993896484,86.5599975585938,86.879997253418,87.3300018310547,87.5899963378906,87.7099990844727,87.5299987792969,87.8499984741211,88.1100006103516,88.3399963378906,88.6100006103516,88.8600006103516,89.0199966430664,89.25,89.4499969482422,89.8000030517578,90.0199966430664,90.120002746582,90.3000030517578,90.25,90.3899993896484,90.5100021362305,90.6800003051758,90.8000030517578,90.9100036621094,
World,WLD,"Literacy rate, adult total (% of people ages 15 and above)",SE.ADT.LITR.ZS,,,,,,,,,,,,,,,,65.4199981689453,65.5699996948242,65.879997253418,66.5,67.1500015258789,67.75,68.3499984741211,68.9300003051758,69.4899978637695,70.1500015258789,70.7300033569336,71.2699966430664,71.9400024414062,73.5500030517578,74.0699996948242,74.629997253418,75.0599975585938,75.5100021362305,75.9700012207031,76.4199981689453,76.870002746582,77.3000030517578,79.3000030517578,80.5199966430664,80.9000015258789,81.120002746582,81.370002746582,81.7399978637695,82.2200012207031,82.5599975585938,82.5699996948242,82.5299987792969,83.120002746582,83.4800033569336,83.8000030517578,84.370002746582,84.7099990844727,84.9100036621094,85.2099990844727,85.5599975585938,85.9599990844727,86.2799987792969,86.4700012207031,86.7600021362305,86.7900009155273,86.9800033569336,87.1699981689453,87.3899993896484,87.5800018310547,87.7399978637695,
World,WLD,"Population, total",SP.POP.TOTL,3021512598.0,3062768116.0,3117372187.0,3184063049.0,3251249170.0,3318979339.0,3389042165.0,3458932230.0,3530576858.0,3604694154.0,3680493750.0,3758515396.0,3834345191.0,3910964219.0,3987186772.0,4061959945.0,4135644231.0,4208840894.0,4283309396.0,4359930896.0,4437473406.0,4516792587.0,4599385851.0,4682734714.0,4765813206.0,4850494238.0,4937459951.0,5026770385.0,5116898810.0,5207378374.0,5298962018.0,5388203305.0,5476822930.0,5564459142.0,5650534421.0,5736205135.0,5822327903.0,5908180322.0,5993730786.0,6078069822.0,6161528496.0,6244739668.0,6327171255.0,6409352386.0,6492354627.0,6575410029.0,6659536021.0,6744049498.0,6830080867.0,6916168196.0,7000860073.0,7086704141.0,7176482165.0,7265404737.0,7353532223.0,7441084771.0,7528221579.0,7613788655.0,7696159728.0,7777162476.0,7853863139.0,7919567995.0,7988550201.0,8062923417.0,8140897523.0,8215424893.0
World,WLD,"Primary completion rate, total (% of relevant age group)",SE.PRM.CMPT.ZS,,,,,,,,,,,,,,,,,,,,,,,,,,,,,83.8516998291016,83.341438293457,82.5055770874023,81.5889434814453,80.4896774291992,80.6055221557617,79.8627777099609,81.1511535644531,80.4256973266602,80.6614608764648,81.1098175048828,81.634407043457,81.9349670410156,82.7255020141602,83.2989273071289,83.5496063232422,84.1880035400391,85.0202484130859,85.3206329345703,86.4949798583984,88.2013168334961,89.0043411254883,88.5195999145508,87.7716217041016,88.0860290527344,88.3091735839844,88.1251831054688,87.8672790527344,88.4609909057617,88.2010192871094,88.0505294799805,87.8868026733398,88.0408477783203,88.6989212036133,91.0532073974609,87.3170776367188,88.0215835571289,
World,WLD,"School enrollment, primary (% gross)",SE.PRM.ENRR,,,,,,,,,,,94.3479766845703,82.0360717773438,82.4248809814453,84.3071212768555,84.6003799438477,86.6580429077148,88.3030471801758,89.1230697631836,88.5938110351562,88.9636993408203,90.905647277832,91.8621597290039,93.3778991699219,94.342658996582,95.3358993530273,96.2113876342773,96.4714202880859,96.8358535766602,97.9373168945312,97.4801864624023,96.423828125,96.1383590698242,96.3400268554688,96.4698333740234,96.9669418334961,96.5076065063477,96.4706726074219,97.8314514160156,97.1794967651367,98.5413284301758,99.119873046875,99.1644821166992,99.4441604614258,100.94140625,101.587272644043,101.717559814453,101.727363586426,102.686042785645,102.902557373047,102.711402893066,102.512619018555,102.36930847168,102.895118713379,102.981788635254,101.604377746582,100.999900817871,102.124237060547,101.750663757324,99.1445083618164,99.1449432373047,99.6324920654297,99.4474105834961,100.37085723877,100.728790283203,102.159400939941,
World,WLD,"School enrollment, primary (gross), gender parity index (GPI)",SE.ENR.PRIM.FM.ZS,,,,,,,,,,,0.802890002727509,0.80188000202179,0.801180005073547,0.798940002918243,0.795029997825623,0.824159979820251,0.841189980506897,0.84510999917984,0.844539999961853,0.844730019569397,0.847270011901855,0.848089993000031,0.846279978752136,0.843219995498657,0.847809970378876,0.852819979190826,0.865700006484985,0.871290028095245,0.874509990215302,0.876579999923706,0.881770014762878,0.889890015125275,0.896170020103455,0.901690006256104,0.905709981918335,0.907840013504028,0.910130023956299,0.915579974651337,0.91813999414444,0.922710001468658,0.923500001430511,0.928449988365173,0.9305499792099,0.95074999332428,0.951799988746643,0.954339981079102,0.958519995212555,0.961099982261658,0.967700004577637,0.972410023212433,0.974799990653992,0.976580023765564,0.980780005455017,0.997510015964508,0.99752002954483,0.999339997768402,1.00724995136261,1.00487995147705,0.982209980487823,0.983560025691986,0.982529997825623,,,,,
World,WLD,"School enrollment, primary, female (% gross)",SE.PRM.ENRR.FE,,,,,,,,,,,82.4692077636719,73.0090408325195,73.3269729614258,74.8934478759766,74.9730377197266,78.3935165405273,80.8342590332031,81.8247680664062,81.3111267089844,81.7044525146484,83.527473449707,84.4008102416992,85.6771621704102,86.3657379150391,87.5240631103516,88.6034393310547,89.4775772094727,90.2229995727539,91.4659881591797,91.1047134399414,90.359748840332,90.5075988769531,91.0435028076172,91.4375534057617,92.1374664306641,91.7829818725586,91.9067306518555,93.586051940918,93.0885620117188,94.6240463256836,95.1946105957031,95.4945602416992,95.8697891235352,98.3783187866211,99.0662078857422,99.3401489257812,99.5598068237305,100.632926940918,101.207778930664,101.206077575684,101.134399414062,100.949836730957,101.646003723145,102.623847961426,101.261238098145,100.754737854004,102.330017089844,101.83171081543,98.0726013183594,98.2283782958984,98.7319412231445,98.5952529907227,99.4811019897461,99.8863830566406,101.475540161133,
World,WLD,"School enrollment, primary, male (% gross)",SE.PRM.ENRR.MA,,,,,,,,,,,105.640472412109,90.6181030273438,91.0742263793945,93.2562866210938,93.7527236938477,94.5153198242188,95.4039306640625,96.0613479614258,95.5175399780273,95.8654403686523,97.9197006225586,98.9525604248047,100.695259094238,101.921417236328,102.757263183594,103.440078735352,103.116371154785,103.119522094727,104.086990356445,103.539367675781,102.186042785645,101.487991333008,101.370750427246,101.248100280762,101.548736572266,100.985061645508,100.790336608887,101.844100952148,101.040412902832,102.235092163086,102.818557739258,102.617828369141,102.80403137207,103.348747253418,103.948013305664,103.94213104248,103.754707336426,104.605682373047,104.487030029297,104.118896484375,103.801368713379,103.699478149414,104.065887451172,103.317451477051,101.926261901855,101.229881286621,101.931182861328,101.674606323242,100.150901794434,100.00594329834,100.479049682617,100.24870300293,101.207946777344,101.522186279297,102.804237365723,
World,WLD,"School enrollment, secondary (% gross)",SE.SEC.ENRR,,,,,,,,,,,49.3384590148926,36.6168403625488,38.6009407043457,40.6443901062012,50.4341201782227,43.1190910339355,43.5265502929688,44.7783393859863,45.0688209533691,52.3885307312012,45.7111701965332,44.6270484924316,45.0824508666992,45.5956192016602,45.8112602233887,49.4279708862305,47.0785903930664,48.3915710449219,49.3794212341309,49.9161109924316,53.2033500671387,53.5875396728516,54.6800498962402,53.6684112548828,54.5770988464355,55.4177589416504,56.5605506896973,57.5111618041992,58.4959106445312,58.4589881896973,59.471851348877,60.2711296081543,61.6164588928223,62.3989791870117,63.4511299133301,64.4113006591797,65.3684387207031,66.8459777832031,68.3432464599609,69.3999710083008,70.9471435546875,71.9032669067383,72.7067337036133,74.0367202758789,74.9258728027344,74.9668884277344,75.1899871826172,74.9489288330078,75.54248046875,75.9502716064453,76.5068206787109,77.296272277832,77.5006103515625,77.2362213134766,77.2785720825195,
World,WLD,"School enrollment, tertiary (% gross)",SE.TER.ENRR,,,,,,,,,,,17.4421195983887,8.73332977294922,10.6534404754639,9.73466968536377,11.3469400405884,11.5344495773315,10.7146396636963,10.9267702102661,11.1817798614502,11.4427404403687,11.8621797561646,12.2231702804565,12.3560304641724,12.2692899703979,13.6792802810669,13.6182899475098,12.5483102798462,13.0459604263306,12.9720602035522,13.3386201858521,13.307559967041,13.5430002212524,14.8865699768066,15.3053102493286,15.8401098251343,16.3353996276856,16.392370223999,17.93284034729,18.058629989624,18.7848205566406,19.484260559082,20.3930397033691,21.6429405212402,22.7504901885986,23.6235904693604,24.3295593261719,25.7015895843506,26.303430557251,27.350980758667,28.2910709381104,29.5784606933594,31.1437301635742,32.3113899230957,33.0915985107422,35.5645713806152,36.6130981445312,37.1431999206543,37.4994316101074,37.8525314331055,38.6688690185547,39.7074089050293,41.0742492675781,42.0465698242188,43.197868347168,43.6151390075684,
Ethiopia,ETH,GDP per capita (current US$),NY.GDP.PCAP.CD,75.33960907059607,76.73019664117328,77.79018497825044,79.17263437032835,83.83686482709687,88.85002941102428,93.15494678749852,96.08647474367568,99.47436510006672,102.280177675035,109.43046633728515,112.73667429662407,119.8399971247572,134.9355110219469,147.85572250448467,144.28053763549462,151.95618662170983,170.40414371555983,178.3024805749128,192.3571172739988,203.68539444096484,212.6575179802983,215.25098547162,232.68347442115893,214.22886039600164,243.89738258401917,245.97722876929507,254.12132942155367,253.24826247016668,256.3864753063148,262.108971053707,277.5659103650914,207.40640086384664,168.520401400989,127.68592345903328,136.52361908896285,147.32745885196448,143.3695314988438,126.4650957812439,120.73463149986505,122.26920260606896,118.45720425526066,109.59381361298792,116.80049113277668,133.16981253809556,158.24345808246497,189.34573752141827,237.14625599631884,316.4104751180748,368.5747122674447,330.6194127986438,343.0249423518872,452.1010318857536,484.039833104062,549.9865770825876,597.9121132186633,641.6515232862331,696.3484290762159,739.7020222720861,793.4732472189955,829.7909825529507,893.0098354417842,982.1031615021984,1055.8109159306082,1133.8827968125588,932.7293527751788
Ethiopia,ETH,"Government expenditure on education, total (% of GDP)",SE.XPD.TOTL.GD.ZS,,,,,,,,,,,,1.19766998291016,1.31442999839783,,,,,2.15985989570618,1.9349399805069,2.00423002243042,1.81620001792908,1.85807001590729,2.06093001365662,2.24603009223938,2.06062006950378,2.28065991401672,2.08590006828308,,,,,,,2.29690003395081,,,2.70707988739014,2.69079995155335,,,3.88614988327026,3.7002899646759,3.63245010375977,,,,5.49094009399414,5.45110988616943,5.40819978713989,4.42207002639771,4.49659013748169,5.4857702255249,5.56677007675171,4.4985499382019,4.60201978683472,4.73791868878759,5.06151399998447,5.49905076025271,5.22011189522399,4.48086946127054,4.0905654220699,4.06524874309096,3.73649512188829,2.9272447768927,2.2978069565991,
Ethiopia,ETH,"Literacy rate, adult female (% of females ages 15 and above)",SE.ADT.LITR.FE.ZS,,,,,,,,,,,,,,,,,,,,,,,,,,,,,,,,,,,18.5100002288818,,,,,,,,,,22.7999992370606,,,28.9200000762939,,,,,,36.6062603025934,,,34.4199981689453,,,44.6199989318848,,44.1196998962641,49.9599990844727,,,
Ethiopia,ETH,"Literacy rate, adult male (% of males ages 15 and above)",SE.ADT.LITR.MA.ZS,,,,,,,,,,,,,,,,,,,,,,,,,,,,,,,,,,,35.9799995422363,,,,,,,,,,50.0,,,49.1300010681152,,,,,,60.4641000542086,,,62.560001373291,,,66.4300003051758,,65.9517103258294,71.0400009155273,,,
Ethiopia,ETH,"Literacy rate, adult total (% of people ages 15 and above)",SE.ADT.LITR.ZS,,,,,,,,,,,,,,,,,,,,,,,,,,,,,,,,,,,27.0100002288818,,,,,,,,,,35.9000015258789,,,39.0,,,,,,48.3549726348554,,,47.4900016784668,,,55.0499992370605,,54.8853699463392,60.4599990844727,,,
Ethiopia,ETH,"Population, total",SP.POP.TOTL,21376693.0,21906102.0,22465126.0,23051637.0,23666548.0,24310612.0,24952689.0,25620276.0,26337930.0,27072571.0,27829128.0,28600106.0,29374608.0,30166785.0,30957273.0,31723252.0,32534418.0,33167272.0,33734592.0,34238652.0,34428514.0,35304012.0,36701290.0,37740817.0,38735722.0,39842136.0,41037656.0,42460039.0,44150825.0,45879690.0,47609755.0,49717198.0,51853747.0,53708891.0,55611508.0,57537335.0,59467635.0,61404539.0,63363524.0,65374561.0,67411494.0,69487762.0,71635517.0,73832663.0,76077206.0,78367470.0,80703490.0,83103217.0,85543668.0,88007636.0,90538514.0,93149970.0,95798767.0,98438751.0,101115610.0,103867135.0,106718162.0,109666481.0,112664152.0,115737383.0,118917671.0,122138588.0,125384287.0,128691692.0,132059767.0,135472051.0
Ethiopia,ETH,"Primary completion rate, total (% of relevant age group)",SE.PRM.CMPT.ZS,,,,,,,,,,,,,,,,,,,,,,,17.0013008117676,,,,,25.1511707305908,24.1283397674561,22.6287498474121,,,,,14.6080198287964,15.1029500961304,16.6887493133545,,18.1283092498779,20.1800899505615,21.9691791534424,26.9899196624756,30.2220191955566,32.9725494384766,35.4118881225586,40.5132293701172,44.1728210449219,44.6132583618164,47.1968994140625,49.3428916931152,56.0288581848145,51.5156232443641,49.7641323239284,,51.1458912223368,51.4317405151101,,,,,62.4525527223727,,60.9011228426355,55.0561499631858,54.4429654143725,
Ethiopia,ETH,"School enrollment, primary (% gross)",SE.PRM.ENRR,,,,,,,,,,,,15.2087097167969,15.9780797958374,16.4217891693115,17.8880195617676,19.3024501800537,21.1257495880127,22.2164802551269,21.2648506164551,25.036979675293,32.682430267334,38.4554481506348,40.9910202026367,42.0600204467773,40.6322288513184,38.0028190612793,37.3845710754395,40.3818893432617,41.0290489196777,39.2842597961426,35.6632194519043,32.24951171875,26.0608501434326,22.7072906494141,26.9080104827881,30.682279586792,36.3454704284668,41.0171699523926,49.6886405944824,48.1957511901855,52.2387313842773,57.1306991577148,59.6043586730957,60.7021408081055,63.5657081604004,74.5096893310547,79.2329330444336,85.4697265625,91.4530181884766,90.3419418334961,88.511037030714,90.6282577514648,89.9253221073517,,93.1145890062913,94.0857534729235,,101.223991472845,,,112.6701710274,101.338920969252,84.6317733971345,83.7319745881618,84.4160102082984,
Ethiopia,ETH,"School enrollment, primary (gross), gender parity index (GPI)",SE.ENR.PRIM.FM.ZS,,,,,,,,,,,,0.458409994840622,0.466129988431931,0.467220008373261,0.47027999162674,0.473580002784729,0.477389991283417,0.479999989271164,0.492460012435913,0.481020003557205,0.531470000743866,0.553399980068207,0.574949979782104,0.604179978370667,0.621559977531433,0.653859972953796,0.657280027866364,0.636810004711151,0.62024998664856,0.643220007419586,0.656710028648376,0.665549993515015,0.727620005607605,0.699410021305084,0.629859983921051,0.599179983139038,0.57506000995636,0.565310001373291,0.589630007743835,0.613669991493225,0.656000018119812,0.694159984588623,0.717180013656616,0.733839988708496,0.782530009746552,0.835560023784637,0.872039973735809,0.889339983463287,0.904269993305206,0.927230000495911,0.924390017986298,0.921130001544952,0.928149998188019,0.92558628320694,0.917990028858185,0.908510029315948,0.907353699207306,0.902628362178802,0.900771856307983,0.902289211750031,0.902322709560394,0.912419974803925,,,,
Ethiopia,ETH,"School enrollment, primary, female (% gross)",SE.PRM.ENRR.FE,,,,,,,,,,,,9.51144027709961,10.1114797592163,10.4107904434204,11.3898096084595,12.3465795516968,13.5853300094604,14.3339004516602,13.9324598312378,16.0927600860596,22.3559894561768,26.8633995056152,29.2576694488525,30.960880279541,30.4974193572998,29.5348091125488,29.3005409240723,31.2310199737549,31.3950901031494,30.8701591491699,28.4575290679932,25.97340965271,22.1286296844482,18.8288593292236,20.9302406311035,23.1214599609375,26.6690807342529,29.7864494323731,37.0815811157227,36.8893890380859,41.6683082580566,47.1572799682617,50.1659202575684,51.7783393859863,56.233211517334,68.3180465698242,74.285400390625,80.8648681640625,87.2042007446289,87.2335891723633,85.3012704860623,87.1866226196289,86.9042398707279,,89.5677752455794,90.047495936978,,96.721127763218,,,107.723893810874,97.1943546122379,81.2998985397514,80.6906764748081,81.4123032528941,
Ethiopia,ETH,"School enrollment, primary, male (% gross)",SE.PRM.ENRR.MA,,,,,,,,,,,,20.9465007781982,21.8773002624512,22.4585094451904,24.408239364624,26.2769203186035,28.6817798614502,30.1110305786133,28.6043491363525,33.9847602844238,43.0079612731934,50.042911529541,52.718620300293,53.1521492004395,50.7555694580078,46.4518013000488,45.4334182739258,49.4645118713379,50.5507583618164,47.5602912902832,42.7181015014648,38.3683891296387,29.8790493011475,26.4626998901367,32.6861686706543,37.9832611083984,45.6878814697266,51.8609580993652,61.864559173584,59.1198616027832,62.4546890258789,66.7718887329102,68.7293014526367,69.3287582397461,70.6535873413086,80.4960098266602,84.0182266235352,89.9262771606445,95.5689315795898,93.3565063476562,91.6271144548473,93.9713973999023,92.860203116899,,96.5559328295076,98.0000848749713,,105.581044834788,,,117.449894462693,105.343098716654,87.8505459389882,86.6705293144146,87.3189065114343,
Ethiopia,ETH,"School enrollment, secondary (% gross)",SE.SEC.ENRR,,,,,,,,,,,,4.09932994842529,4.39421987533569,4.81599998474121,5.24279022216797,,,,,,,,,,11.6299104690552,,12.5261001586914,13.7807397842407,15.1533002853394,15.1527500152588,,13.8706998825073,11.9716300964356,10.651909828186,10.3277502059937,10.4840297698975,11.0706901550293,,,13.2957601547241,14.451319694519,17.3430194854736,19.1939201354981,19.5667705535889,21.47705078125,23.8548793792725,27.4775695800781,30.251350402832,31.3109302520752,31.649019241333,33.0478591918945,34.4468994140625,36.2193489074707,,,33.9114221981431,,,,,,,,,,
Ethiopia,ETH,"School enrollment, tertiary (% gross)",SE.TER.ENRR,,,,,,,,,,,,0.18452000617981,0.203150004148483,0.159950003027916,0.260230004787445,,,0.261779993772507,0.400790005922318,0.479209989309311,0.524529993534088,0.493790000677109,0.482630014419556,0.495950013399124,0.474720001220703,,0.74848997592926,0.79569000005722,0.740779995918274,0.758679986000061,0.787320017814636,0.776000022888184,,,0.60223001241684,0.660380005836487,0.686529994010925,0.80171000957489,0.837999999523163,0.931810021400452,1.17114996910095,1.47605001926422,1.68374001979828,2.40167999267578,2.72982001304627,2.94167995452881,,,3.53211998939514,5.09216022491455,6.96482992172241,7.27566003799438,7.62416982650757,,5.9192507771213,,,,,,,,,,,
Kenya,KEN,GDP per capita (current US$),NY.GDP.PCAP.CD,102.8244174655821,99.2716957068382,104.60045593625875,107.39365597824336,111.30054482389228,106.86560134026206,119.83347638935852,121.9021420783403,128.65464688224307,133.31079309324744,141.03939096259722,150.8529790931782,172.64204477844098,198.5780838725564,227.2334420664112,241.22442614705653,248.9351081985748,311.48625291647977,355.141982232607,403.2420798343577,453.5589734448092,412.8837042253917,373.79483568888816,335.03715173518907,334.4028357575302,319.50361101071434,363.7451177727169,386.6309299925117,391.2387712042824,374.4891936821029,374.458992895562,344.722642127742,336.6813997869596,228.99803284343437,276.4478719812441,340.06484217542925,440.5270788808763,466.72381461139946,487.8832399054524,433.7212357013053,414.6263651308463,410.7004524748136,402.9363856053818,442.8984572534054,463.66278130012114,523.4563124338626,699.8023706338097,840.2014394767648,915.5443547360396,1047.967832448497,1091.518731011939,1096.1449980767547,1285.005361715117,1370.8788521465926,1482.8156625349743,1489.1195977728398,1554.1261031442327,1667.4844723083545,1836.4527552899292,1960.408088548926,1927.6645902784887,2061.3562208959406,2109.562885131375,1942.5880275619108,2133.461934040263,2362.860911986112
Kenya,KEN,"Government expenditure on education, total (% of GDP)",SE.XPD.TOTL.GD.ZS,,,,,,,,,,,,3.92982006072998,4.47633981704712,4.65051984786987,5.06550979614258,5.6061201095581,5.74410009384155,5.13632011413574,,,5.38787984848022,5.92372989654541,5.67812013626099,5.43830013275146,4.58095979690552,5.19976997375488,6.01377010345459,,6.60054016113281,6.035719871521,,6.57065010070801,6.07590007781982,6.02913999557495,5.92402982711792,,,,,5.32324981689453,5.1867299079895,5.20621013641357,6.17199993133545,6.49428987503052,6.79693984985352,7.3356499671936,7.04981994628906,,,,4.81548976898193,4.70012998580933,4.93122005462646,4.83721017837524,4.7172999382019,4.74349021911621,4.89518022537231,4.96308994293213,5.10761976242065,5.37359210998097,5.04574892454155,4.89040202257195,4.51101801829815,3.96229304413263,4.02242346098974,
Kenya,KEN,"Literacy rate, adult female (% of females ages 15 and above)",SE.ADT.LITR.FE.ZS,,,,,,,,,,,,,,,,,,,,,,,,,,,,,,,,,,,,,,,,,77.8899993896484,,,,,,,,,,,,,,,,,,,,,,,,,
Kenya,KEN,"Literacy rate, adult male (% of males ages 15 and above)",SE.ADT.LITR.MA.ZS,,,,,,,,,,,,,,,,,,,,,,,,,,,,,,,,,,,,,,,,,87.4899978637695,,,,,,,,,,,,,,,,,,,,,,,,,
Kenya,KEN,"Literacy rate, adult total (% of people ages 15 and above)",SE.ADT.LITR.ZS,,,,,,,,,,,,,,,,,,,,,,,,,,,,,,,,,,,,,,,,,82.2300033569336,,,,,,,,,,,,,,,,,,,,,,,,,
Kenya,KEN,"Population, total",SP.POP.TOTL,7695307.0,7987770.0,8299308.0,8627971.0,8973535.0,9338078.0,9717816.0,10111057.0,10518823.0,10939695.0,11368791.0,11788904.0,12206060.0,12634835.0,13070078.0,13511671.0,13957623.0,14428819.0,14934126.0,15460666.0,16018459.0,16601507.0,17206175.0,17846374.0,18514906.0,19201768.0,19901646.0,20616096.0,21356219.0,22118434.0,22892651.0,23646514.0,24382460.0,25117188.0,25857130.0,26601751.0,27344211.0,28101768.0,28888057.0,29733408.0,30642890.0,31619170.0,32629808.0,33652223.0,34713455.0,35796484.0,36904008.0,38036349.0,39206351.0,40408891.0,41598567.0,42758461.0,43888303.0,44986791.0,46051440.0,47088526.0,48139687.0,49197766.0,50207107.0,51202827.0,52217334.0,53219166.0,54252461.0,55339003.0,56432944.0,57532493.0
Kenya,KEN,"Primary completion rate, total (% of relevant age group)",SE.PRM.CMPT.ZS,,,,,,,,,,,47.2711601257324,49.0139083862305,51.9437484741211,53.0775909423828,,57.1720314025879,58.827880859375,62.7918281555176,64.0457077026367,84.2447891235352,81.7471771240234,81.0017013549805,,,,,,,,,,,,,,,,,,,,,,,86.0388488769531,87.8424377441406,,,,,,,,,98.9917446562973,101.341661933882,102.200240064297,,,,,,,,,
Kenya,KEN,"School enrollment, primary (% gross)",SE.PRM.ENRR,,,,,,,,,,,60.2659912109375,61.7012405395508,65.2331085205078,67.9078598022461,100.311813354492,102.894416809082,99.1563110351562,98.9096374511719,95.5679321289062,115.58464050293,117.302932739258,115.051246643066,117.921989440918,118.230651855469,114.483093261719,109.841903686523,109.913497924805,109.734260559082,108.00080871582,108.858200073242,105.313667297363,103.02709197998,101.50138092041,100.392936706543,96.3266296386719,93.3242416381836,,,92.9180221557617,90.6962814331055,94.2572402954102,95.1509170532227,89.2491912841797,103.90389251709,103.729431152344,103.62956237793,101.201988220215,107.582710266113,107.076469421387,107.945739746094,,,111.422226680456,,107.141220092773,104.780090332031,104.114852905273,101.957891317521,99.770420205161,77.5132254988803,91.9542486020668,93.7669067632864,98.551967362001,98.2483475806861,,
Kenya,KEN,"School enrollment, primary (gross), gender parity index (GPI)",SE.ENR.PRIM.FM.ZS,,,,,,,,,,,0.734170019626617,0.757539987564087,0.77114999294281,0.791899979114532,0.830680012702942,0.860589981079102,0.878419995307922,0.887740015983582,0.894299983978271,0.907899975776672,0.921989977359772,0.933780014514923,0.941120028495789,0.941219985485077,0.950219988822937,0.956659972667694,0.952719986438751,0.955420017242432,0.965579986572266,0.962750017642975,0.96587997674942,0.970709979534149,0.970459997653961,0.977840006351471,0.984329998493195,0.981630027294159,,,0.977259993553162,0.967689990997314,0.98157000541687,0.975830018520355,0.945029973983765,0.948210000991821,0.939689993858337,0.956709980964661,0.969519972801209,0.983500003814697,0.978240013122559,0.977930009365082,,,1.00824999809265,,1.00738000869751,0.999469995498657,1.00370001792908,,,0.970903754234314,,,,,,
Kenya,KEN,"School enrollment, primary, female (% gross)",SE.PRM.ENRR.FE,,,,,,,,,,,51.202880859375,53.3804397583008,57.0070114135742,60.2242889404297,91.3143692016602,95.4558334350586,92.9658584594727,93.2138671875,90.3737411499023,110.132247924805,112.636909484863,111.148063659668,114.320663452148,114.567039489746,111.427619934082,107.236869812012,107.028099060059,106.963638305664,105.81226348877,106.466957092285,103.161163330078,101.154052734375,99.6203765869141,98.9025726318359,95.2126693725586,92.1238098144531,,,91.5694274902344,88.9459915161133,93.1133575439453,93.7352600097656,86.4970474243164,100.86270904541,100.20384979248,101.016220092773,99.2851486206055,106.284469604492,105.476631164551,106.301528930664,,,111.382338268564,,107.039520263672,104.297958374023,103.882751464844,102.462330971674,98.1029150615669,76.2261830336463,90.1134668073909,91.7586466192904,96.3641752874056,96.6263727639885,,
Kenya,KEN,"School enrollment, primary, male (% gross)",SE.PRM.ENRR.MA,,,,,,,,,,,69.3409118652344,70.0282516479492,73.4607620239258,75.5888366699219,109.302337646484,110.324241638184,105.337013244629,104.594467163086,100.750679016113,121.023338317871,121.956207275391,118.943290710449,121.51261138916,121.882926940918,117.528938293457,112.438919067383,112.789886474609,112.496078491211,110.18229675293,111.241928100586,107.459686279297,104.894973754883,103.377952575684,101.880340576172,97.438850402832,94.5233383178711,,,94.2660293579102,92.4459228515625,95.4006500244141,96.5659484863281,91.9996871948242,106.943092346191,107.252471923828,106.240646362305,103.11669921875,108.87890625,108.672760009766,109.585037231445,,,111.461902991676,,107.242218017578,105.258506774902,104.344932556152,101.458395417046,101.419871725135,78.7850935306842,93.7716944083038,95.7487059799254,100.710058399494,99.8478857206905,,
Kenya,KEN,"School enrollment, secondary (% gross)",SE.SEC.ENRR,,,,,,,,,,,17.4474391937256,17.8143405914307,18.5497894287109,18.8943099975586,19.8959102630615,21.0245990753174,23.0911197662354,23.4578800201416,24.9449996948242,25.6669006347656,28.3731899261475,27.6752395629883,27.6607704162598,28.9708003997803,30.5330390930176,38.1895294189453,38.024341583252,40.4707298278809,40.2696189880371,,,,,,,,,,,40.3322486877441,40.9617881774902,41.6857109069824,41.8610191345215,43.5811309814453,47.1179389953613,47.2635917663574,48.8131103515625,50.8713607788086,57.0353507995605,57.7407112121582,,,,,,72.5750860661828,74.4698594945796,,,,,80.3774269704216,83.7738192286218,84.3083880306996,,
Kenya,KEN,"School enrollment, tertiary (% gross)",SE.TER.ENRR,,,,,,,,,,,0.823819994926453,0.886759996414185,0.84662002325058,0.97664999961853,1.09474003314972,,0.813139975070953,0.750349998474121,0.767669975757599,0.861909985542297,0.90378999710083,0.883949995040894,,1.10283005237579,1.14204001426697,1.18039000034332,,1.33835005760193,,1.38805997371674,,,,,,,,,,,2.81501007080078,2.88299989700317,2.87671995162964,,2.96267008781433,3.00099992752075,,,,3.99230003356934,,,,,,9.25319496188721,11.6347883294504,11.8049232142021,,10.4975595474243,,,,8.67676730066979,10.4185962462804,
Nigeria,NGA,GDP per capita (current US$),NY.GDP.PCAP.CD,93.13700904244176,97.1375281143562,104.53249553394302,107.67574135894394,113.29734567187508,117.28722682473438,124.3824401762526,99.50149066046966,97.33720812559643,121.43666330769707,224.46293599595015,160.47925584111283,209.45477629434453,252.36903245286777,402.8369997826852,438.0788139167954,556.3896877198777,535.9653078173286,526.8958529284758,660.9940408642932,870.3599346820567,2162.209954360747,1821.532654823869,1207.0737456534855,890.4341063323023,868.6405405488935,628.2484537185358,587.9566134340895,539.5394683971656,465.4880895321879,556.3764491309016,596.9387957107224,508.5159056827852,539.5732022975423,744.8842471513773,1271.616173531988,1632.7246937027587,1720.275409493957,1822.4699845247333,480.6693639418046,547.3182989033786,566.4282318129331,712.1648520776855,763.3887453672226,962.48104194733,1211.3770350438622,1599.5389155636483,1815.5269754582685,2154.1054354536427,1820.4863385478188,2202.25672957344,2418.4131697587463,2633.197346713614,2872.790833793982,3088.7213131616927,2585.733606717974,2070.412733959496,1876.3402711177296,2057.8794455401057,3189.812864961828,2797.1845806789997,2787.487792209909,2899.160474692671,2138.763837187565,1084.1604180505808,1224.25410237743
Nigeria,NGA,"Government expenditure on education, total (% of GDP)",SE.XPD.TOTL.GD.ZS,,,,,,,,,,,,,,,3.21017003059387,3.0636899471283,,,,,,,,,,,,,,,,,,,,,,,,,,,,,,,,,,,,,0.549233086121929,0.534206768008091,0.470742539133469,0.436954905120644,0.393045646249364,0.396354013591345,0.419998493796127,0.358479005206684,0.35963763718498,0.381919104397325,0.348516707890877,0.319069049792343,,
Nigeria,NGA,"Literacy rate, adult female (% of females ages 15 and above)",SE.ADT.LITR.FE.ZS,,,,,,,,,,,,,,,,,,,,,,,,,,,,,,,,43.7299995422363,,,,,,,,,,,,43.3199996948242,,,64.25,,,,,,,,,,49.060001373291,,,,,53.25,,,62.4199981689453,
Nigeria,NGA,"Literacy rate, adult male (% of males ages 15 and above)",SE.ADT.LITR.MA.ZS,,,,,,,,,,,,,,,,,,,,,,,,,,,,,,,,67.6500015258789,,,,,,,,,,,,66.7699966430664,,,76.129997253418,,,,,,,,,,68.120002746582,,,81.5846860649535,,73.7300033569336,,,78.4300003051758,
Nigeria,NGA,"Literacy rate, adult total (% of people ages 15 and above)",SE.ADT.LITR.ZS,,,,,,,,,,,,,,,,,,,,,,,,,,,,,,,,55.4500007629395,,,,,,,,,,,,54.7700004577637,,,70.1999969482422,,,,,,,,,,58.2200012207031,,,,,63.1599998474121,,,70.4100036621094,
Nigeria,NGA,"Population, total",SP.POP.TOTL,45053782.0,45989310.0,46965292.0,47973575.0,49012016.0,50086764.0,51188234.0,52293065.0,53432783.0,54631914.0,55893838.0,57214684.0,58601748.0,60082139.0,61679144.0,63410815.0,65258009.0,67234590.0,69326532.0,71498242.0,73764641.0,76068103.0,78378701.0,80438260.0,82526443.0,84897973.0,87235953.0,89591716.0,92020090.0,94531014.0,97120925.0,99720162.0,102372770.0,105122069.0,107935714.0,110819428.0,113754779.0,116754792.0,119846254.0,123047320.0,126382494.0,129862595.0,133471989.0,137202644.0,141057045.0,145017253.0,149077334.0,153267261.0,157595014.0,162049464.0,166642886.0,171379598.0,176200625.0,181049443.0,185896915.0,190671878.0,195443700.0,200254579.0,204938755.0,209485641.0,213996181.0,218529286.0,223150896.0,227882945.0,232679478.0,237527782.0
Nigeria,NGA,"Primary completion rate, total (% of relevant age group)",SE.PRM.CMPT.ZS,,,,,,,,,,,,,,,,,,,,,,,,,,,,,,,,,,,,,,,,,80.5902862548828,,,,76.5602493286133,79.1777801513672,86.4585571289062,76.2680130004883,65.8178863525391,69.8921203613281,70.164909362793,,,,,,,,,,,,,,,
Nigeria,NGA,"School enrollment, primary (% gross)",SE.PRM.ENRR,,,,,,,,,,,41.9057998657227,45.1762619018555,49.5509986877441,51.1400108337402,,,49.0345001220703,59.8788604736328,76.0019989013672,89.3397216796875,94.1832122802734,101.564262390137,110.623641967773,110.334121704102,109.090461730957,102.758140563965,89.5783233642578,85.8567276000977,81.8443832397461,79.7616500854492,83.1028594970703,82.3225021362305,86.7443771362305,91.2958602905273,91.5379028320312,87.4475326538086,76.7972106933594,,,91.5830917358398,95.5101623535156,92.52490234375,93.6976165771484,94.8095932006836,95.7809066772461,96.3063507080078,96.6624374389648,88.06884765625,79.2687530517578,80.3091735839844,79.8300399780273,84.6805572509766,85.9125900268555,87.8349702257826,84.1216580144923,25.5657563073792,78.8780517578125,,81.6278513667331,,84.371583976485,83.8092555956779,,89.5871124267578,,
Nigeria,NGA,"School enrollment, primary (gross), gender parity index (GPI)",SE.ENR.PRIM.FM.ZS,,,,,,,,,,,0.596859991550446,0.634850025177002,0.653980016708374,0.679080009460449,,,0.686070024967194,0.758249998092651,0.783569991588593,0.778050005435944,0.789979994297028,0.797169983386993,0.78847998380661,0.776289999485016,0.778659999370575,0.810869991779327,0.820089995861053,0.82344001531601,0.760299980640411,0.844990015029907,0.78600001335144,0.806140005588531,0.816770017147064,0.804090023040771,0.81521999835968,0.831070005893707,0.85632997751236,,,0.806930005550385,0.810350000858307,0.826590001583099,0.825600028038025,0.831870019435883,0.837800025939941,0.843209981918335,0.859790027141571,0.882279992103577,0.888109982013702,0.89630001783371,0.908500015735626,0.932770013809204,0.974160015583038,0.974839985370636,0.98539000749588,0.937149107456207,0.942709982395172,0.943077504634857,0.977930009365082,1.00997877120972,,,,,,
Nigeria,NGA,"School enrollment, primary, female (% gross)",SE.PRM.ENRR.FE,,,,,,,,,,,30.5841407775879,34.2891807556152,38.3342018127441,40.524829864502,,,39.2595100402832,50.905330657959,65.8736419677734,77.1327896118164,82.0209121704102,88.9328689575195,96.2601776123047,95.197639465332,94.3498764038086,90.9976196289062,79.8825531005859,76.7914581298828,69.9957427978516,72.3963928222656,72.4448699951172,72.8122406005859,77.3023300170898,80.6608276367188,81.5114898681641,78.7293319702148,70.3217010498047,,,81.3020782470703,85.0585174560547,83.3741073608398,84.4145126342773,85.8008270263672,87.0369491577148,87.8270416259766,89.0731582641602,82.2657089233398,74.2717666625977,75.5811462402344,75.6401519775391,81.332878112793,84.3753509521484,86.2714638520387,83.0600210129391,25.8453703336164,76.0966491699219,,80.2270024092352,,83.8670565425955,83.4146900941214,,88.2041625976562,,
Nigeria,NGA,"School enrollment, primary, male (% gross)",SE.PRM.ENRR.MA,,,,,,,,,,,53.524600982666,56.3242492675781,61.0046806335449,61.9436492919922,,,58.8746604919434,68.881721496582,86.1382522583008,101.535133361816,106.317817687988,114.148780822754,124.908317565918,125.356758117676,123.689498901367,114.382789611816,99.1449508666992,94.7870712280273,93.5016021728516,87.0017395019531,93.5703506469727,91.6543579101562,96.0020523071289,101.717361450195,101.360076904297,95.9850006103516,83.1345520019531,,,101.609062194824,105.684997558594,101.420738220215,102.712440490723,103.55061340332,104.258911132812,104.524421691895,104.019477844238,93.6964263916016,84.1160583496094,84.8964996337891,83.8958892822266,87.9294967651367,87.4044570922852,89.3520538727843,85.1517103747409,25.2945143785275,81.5754928588867,,82.9864832656023,,84.8612254141144,84.1922825702379,,90.9297409057617,,
Nigeria,NGA,"School enrollment, secondary (% gross)",SE.SEC.ENRR,,,,,,,,,,,4.47895002365112,4.84703016281128,5.39129018783569,6.01967000961304,,,,7.78704977035522,9.1794900894165,11.1410799026489,13.870659828186,17.2738208770752,21.0725994110107,25.0670204162598,28.75705909729,29.1342906951904,26.9905109405518,26.8306694030762,,23.6370792388916,23.9810009002686,,,,,,,,,22.8324108123779,23.9613494873047,26.3999805450439,28.8738098144531,,33.9481201171875,33.7729187011719,33.1262817382812,30.4232006072998,33.6112785339355,37.1381416320801,41.7837982177734,43.0239906311035,44.4557914733887,52.7967300415039,42.7821502685547,43.8246917724609,39.3068084716797,,40.4885292053223,,44.1220893859863,45.444938659668,,46.8931503295898,,
Nigeria,NGA,"School enrollment, tertiary (% gross)",SE.TER.ENRR,,,,,,,,,,,,,,,,0.741649985313416,0.819750010967255,1.04461002349853,1.1761599779129,1.63014996051788,1.86968994140625,2.36316990852356,2.708899974823,2.88541007041931,3.03946995735169,3.41904997825623,3.56057000160217,3.47396993637085,3.82961988449097,4.0863299369812,,,,,,,,,,5.80225992202759,,,,9.28291988372803,9.52007961273193,10.0968999862671,,,,,9.21187548100134,9.74153350922586,,,,,,,,,,,,,,
Rwanda,RWA,GDP per capita (current US$),NY.GDP.PCAP.CD,39.37407280745778,39.268971497998926,39.233844053835305,39.277177198880416,38.982448302279934,43.46796720093982,35.36028608908434,43.9610505582521,45.99347170606729,48.86992832216284,55.24197214157997,54.37807604234504,58.39769552414114,66.91438715155215,68.94114988951236,124.10964802090568,134.3784312139958,152.7442623611923,179.87652781499818,213.7657513385161,234.3928514457129,254.5692013781673,246.38554957205903,250.56895173888404,259.906684534137,271.57897904222654,297.7259818261673,319.6436632564786,343.78132582356125,334.74196342659445,345.77349513913737,253.96690202594425,264.08391451746445,247.02331847601383,110.95366825137236,227.9711478493178,206.0491141748498,238.74937136821356,246.1546732883844,264.74368682977,251.8692638609096,237.30884620090103,234.0430167557329,249.01227498225197,269.54044633340214,324.0168638471888,352.0939165783473,420.73358070250754,522.2883394206794,556.9739962173903,586.5999503598769,643.3561386181656,697.7601435095646,695.3971409636074,715.3680878339302,725.6914186969522,721.2585158330943,751.0490395275472,772.7549829593539,823.3553040653044,802.6386869362043,842.5814929476722,1007.059893229136,1061.0578815407637,1059.9370929880058,1123.7387463322505
Rwanda,RWA,"Government expenditure on education, total (% of GDP)",SE.XPD.TOTL.GD.ZS,,,,,,,,,,,,,,,,,,2.15020990371704,2.23247003555298,2.44127988815308,2.66633009910583,4.39297008514404,,,,,,3.50577998161316,3.33534002304077,3.7466299533844,,,,,,,,,,3.857990026474,3.43418002128601,4.82501983642578,,,,,,3.98502993583679,3.50215005874634,,4.63126993179321,4.38346004486084,4.42103004455566,4.7421498298645,4.19644021987915,3.64713001251221,3.43482995033264,3.1247398853302,3.07376003265381,3.23821222605582,3.33309745728459,5.58984994888306,4.74213981628418,4.92002010345459,4.61476993560791,
Rwanda,RWA,"Literacy rate, adult female (% of females ages 15 and above)",SE.ADT.LITR.FE.ZS,,,,,,,,,,,,,,,,,,,26.5699996948242,,,,,,,,,,,,,,,,,,,,,,59.75,,,,,,,,,,,,64.6600036621094,,66.1399993896484,,,,69.3899993896484,,77.8099975585938,,76.6999969482422,,,
Rwanda,RWA,"Literacy rate, adult male (% of males ages 15 and above)",SE.ADT.LITR.MA.ZS,,,,,,,,,,,,,,,,,,,50.8199996948242,,,,,,,,,,,,,,,,,,,,,,71.4199981689453,,,,,,,,,,,,72.4499969482422,,76.1500015258789,,,,77.5599975585938,,82.9100036621094,,81.0299987792969,,,
Rwanda,RWA,"Literacy rate, adult total (% of people ages 15 and above)",SE.ADT.LITR.ZS,,,,,,,,,,,,,,,,,,,38.2400016784668,,,,,,,,,,,,,57.8499984741211,,,,,,,,,64.8899993896484,,,,,,,,,,,,68.3300018310547,,70.8000030517578,,,,73.2200012207031,,80.0500030517578,,78.7600021362305,,,
Rwanda,RWA,"Population, total",SP.POP.TOTL,3022294.0,3106779.0,3186025.0,3258890.0,3334834.0,3423210.0,3521626.0,3629577.0,3744010.0,3861271.0,3980669.0,4100044.0,4220335.0,4345047.0,4474228.0,4607728.0,4745954.0,4888240.0,5035171.0,5189541.0,5353259.0,5527230.0,5711549.0,5905311.0,6107627.0,6317228.0,6531881.0,6749493.0,6968071.0,7184706.0,7375307.0,7526966.0,7683266.0,7981132.0,6792352.0,5674118.0,6708764.0,7755238.0,8081681.0,8147912.0,8213931.0,8287094.0,8400180.0,8586875.0,8816844.0,9054528.0,9299246.0,9549933.0,9804269.0,10060432.0,10317553.0,10573733.0,10829901.0,11093340.0,11364757.0,11640022.0,11919183.0,12202060.0,12487996.0,12776103.0,13065837.0,13355260.0,13651030.0,13954471.0,14256567.0,14569341.0
Rwanda,RWA,"Primary completion rate, total (% of relevant age group)",SE.PRM.CMPT.ZS,,,,,,,,,,,,19.1994800567627,20.6436595916748,22.6887493133545,23.7633304595947,25.5489406585693,,27.9745197296143,25.9936103820801,,35.5729484558105,46.0979690551758,45.1123809814453,43.4875717163086,44.7841682434082,46.1984481811523,43.0409088134766,42.8352012634277,44.0131187438965,44.3020286560059,42.9780311584473,42.2317886352539,42.7166213989258,,,,,,,23.939079284668,23.7676105499268,26.5409393310547,31.7821998596191,43.0246887207031,41.7583999633789,,,,53.0556182861328,72.6080169677734,75.8724467481629,,74.8167686688917,58.8075224064365,64.2972970895872,63.1980644451776,67.7449990888319,76.0721783802394,84.2233360485587,95.977301224131,,95.4018170049936,,59.3042433145261,66.8181034887911,
Rwanda,RWA,"School enrollment, primary (% gross)",SE.PRM.ENRR,,,,,,,,,,,,58.2633285522461,55.5703392028809,54.3831901550293,53.6534805297852,51.590389251709,52.782398223877,55.9672203063965,58.3359794616699,63.1865310668945,66.5132064819336,70.833366394043,71.9433898925781,69.1657028198242,67.8666915893555,67.2315979003906,67.9749221801758,70.2523574829102,72.0389709472656,73.0135498046875,71.7930221557617,71.8400268554688,73.6615982055664,,,,,75.3632736206055,78.4076385498047,82.287956237793,118.315727233887,121.944969177246,123.550239562988,123.162269592285,131.434463500977,138.091659545898,148.047485351562,154.816009521484,154.724563598633,156.6142578125,155.315788762649,154.129639895033,153.371821344578,123.706003554374,138.315807313314,137.243191055886,140.620022753129,139.309946965821,137.129353849659,138.020075127914,,151.063571867834,148.752482099863,151.894816720753,149.572183149389,
Rwanda,RWA,"School enrollment, primary (gross), gender parity index (GPI)",SE.ENR.PRIM.FM.ZS,,,,,,,,,,,,0.771889984607697,0.770269989967346,0.796140015125275,0.795639991760254,0.814970016479492,0.834819972515106,0.855009973049164,0.873920023441315,0.88688999414444,0.909009993076324,0.921249985694885,0.926680028438568,0.937990009784698,0.943000018596649,0.94897997379303,0.959360003471375,0.971819996833801,0.977100014686584,0.982770025730133,0.990069985389709,0.993900001049042,0.981199979782104,,,,,0.964320003986359,0.958819985389709,0.971050024032593,0.969110012054443,0.992980003356934,0.993369996547699,0.993929982185364,1.00425004959106,1.01460003852844,1.03680002689362,1.02532005310059,1.02925002574921,1.02780997753143,1.0252799987793,1.02980995178223,1.02243995666504,1.02392995357513,1.02469003200531,1.01361000537872,0.99879002571106,0.992640018463135,0.986310005187988,0.979759991168976,,0.993879973888397,,,,
Rwanda,RWA,"School enrollment, primary, female (% gross)",SE.PRM.ENRR.FE,,,,,,,,,,,,51.3237915039062,48.8859596252441,48.7136993408203,48.0234794616699,46.769718170166,48.4660110473633,52.0326499938965,54.8492202758789,59.8560104370117,63.8128318786621,68.4327621459961,69.7127075195312,67.4305267333984,66.3265533447266,65.8874435424805,66.9472732543945,69.5891036987305,71.4946975708008,72.6356964111328,71.6919174194336,71.9317474365234,73.2428665161133,,,,,75.6467666625977,78.2951278686523,81.7788162231445,115.702087402344,118.262176513672,114.443412780762,122.147178649902,130.856781005859,137.393081665039,148.583267211914,153.606506347656,153.211090087891,154.454513549805,155.404604452614,154.404572987326,152.948778994626,125.646655698363,139.294219924275,137.623868146983,140.058238009143,138.329890179208,135.671164830804,135.989654248484,,150.058572897034,147.560163441617,149.60764980839,146.682959085712,
Rwanda,RWA,"School enrollment, primary, male (% gross)",SE.PRM.ENRR.MA,,,,,,,,,,,,65.2257614135742,62.2773017883301,60.0731086730957,59.306079864502,56.4330101013184,57.1208992004395,59.9239311218262,61.8434410095215,66.5373001098633,69.2299118041992,73.247932434082,74.1866836547852,70.9105911254883,69.4155731201172,68.5836029052734,69.0087432861328,70.9196624755859,72.5865173339844,73.3935775756836,71.8946533203125,71.7478790283203,74.08203125,,,,,75.0792083740234,78.5203323364258,82.8026809692383,121.003410339355,125.865028381348,134.352783203125,124.214202880859,132.036483764648,138.823364257812,147.487854003906,156.087768554688,156.323333740234,158.908401489258,155.224396093884,153.845999513131,153.809391034244,121.768740384764,137.321856871932,136.857532279102,141.188087140607,140.299813718682,138.601312555786,140.069339508619,,152.073944490572,149.94118602762,154.166097819038,152.455922024376,
Rwanda,RWA,"School enrollment, secondary (% gross)",SE.SEC.ENRR,,,,,,,,,,,,2.25144004821777,,,,,2.89427995681763,3.13333988189697,3.38572001457214,3.5961799621582,8.68601036071777,11.5773897171021,12.3084602355957,13.542070388794,14.0134296417236,15.2243604660034,15.3432598114014,15.5361404418945,15.6140899658203,16.4957294464111,16.0649795532227,15.881799697876,14.6486597061157,,,,,,,7.50258016586304,10.2389402389526,11.1507501602173,12.1046600341797,13.584939956665,15.3283996582031,16.4831008911133,18.1992893218994,20.3850002288818,22.1014308929443,26.5538196563721,32.4029083251953,36.6210098266602,39.662769317627,30.2092864949597,41.8218654918977,39.4099042857311,38.506238583342,39.6912128982215,41.1796940634956,44.0779032495009,,44.1820840550314,44.1547093958443,45.1251505756161,48.790277194547,
Rwanda,RWA,"School enrollment, tertiary (% gross)",SE.TER.ENRR,,,,,,,,,,,,0.149580001831055,,0.172450006008148,0.162349998950958,0.217549994587898,0.228699997067452,0.224240005016327,0.221980005502701,0.232739999890328,0.244929999113083,0.243389993906021,,,0.31496998667717,0.342759996652603,0.358440011739731,0.362390011548996,0.400249987840653,0.459250003099441,0.576889991760254,,,,,,,,,0.705209970474243,1.12785005569458,1.54308998584747,1.87186002731323,2.34143996238708,2.73148989677429,2.85111999511719,3.64229989051819,3.88545989990234,4.18300008773804,5.0719199180603,5.77316665562353,6.83723020553589,6.70938666027303,6.23149117030345,7.35861774339014,7.53124856448318,7.57807264441764,7.34488296090452,6.76094647714264,6.3142892660234,7.56709586345553,,7.41325884733851,8.88624308383425,9.41173924647801,
South Africa,ZAF,GDP per capita (current US$),NY.GDP.PCAP.CD,532.1475043303318,545.6575119226733,563.4230088179452,604.5368552709906,645.873375685446,684.6212277403505,721.7537594141801,778.8393358297907,817.1283406140661,890.9220891029356,952.3521880735368,1020.439835907178,1038.3940746828348,1369.16160033933,1656.2890557998,1670.1181689895363,1558.9982473348657,1671.4661883727229,1851.75191300848,2201.5192233986822,3028.9744756183213,3049.71474333882,2717.163887104248,2938.489802396751,2504.0773679028885,1839.4841908184048,2027.4662038188976,2586.2742331422755,2702.055047745079,2726.709806794882,3093.4892035233447,3243.2361602395304,3462.3940020283458,3399.6400956624097,3488.5971154176304,3855.634087156698,3617.5533600293184,3700.235547898668,3309.609330874719,3242.368304839578,3217.8469344846712,2847.1519194590805,2688.236760328064,4062.217559937858,5221.463337317212,5836.876633251265,6077.382933888757,6591.85535960564,6184.754743283988,6374.705600429925,7973.471957715169,8646.055710716348,8076.976784797406,7331.654673849192,6856.731370925222,6112.273824859742,5651.205851657492,6618.335082557006,6914.178031807599,6533.711210328561,5580.603830751887,6828.756245900167,6534.248677833969,6034.272089646732,6267.186814093005,6597.714509187739
South Africa,ZAF,"Government expenditure on education, total (% of GDP)",SE.XPD.TOTL.GD.ZS,,,,,,,,,,,,,,,,,,,,,,,,,,,,4.75367021560669,4.85423994064331,4.44185018539429,4.69767999649048,5.25961017608643,,5.38889980316162,5.29778003692627,,5.04734992980957,,,5.29117012023926,4.90882015228271,4.63617992401123,4.54569005966187,4.35209989547729,4.50897979736328,4.5245099067688,4.52652978897095,4.44668006896973,4.37424993515015,4.76118993759155,5.13496017456055,5.28899002075195,5.52322006225586,5.35070991516113,5.48977994918823,5.48285007476807,5.4442400932312,5.59868001937866,5.64401006698608,5.91159009933472,6.17067003250122,6.5551700592041,6.15599012374878,6.12347984313965,6.02110004425049,
South Africa,ZAF,"Literacy rate, adult female (% of females ages 15 and above)",SE.ADT.LITR.FE.ZS,,,,,,,,,,,,,,,,,,,,,74.8099975585938,,,,,,,,,,,,,,,,80.9300003051758,,,,,,,,,,,87.0400009155273,,91.7699966430664,91.7099990844727,92.0500030517578,92.5899963378906,,93.0699996948242,93.4100036621094,91.9400024414062,,,94.5299987792969,,89.370002746582,,,90.8300018310547,
South Africa,ZAF,"Literacy rate, adult male (% of males ages 15 and above)",SE.ADT.LITR.MA.ZS,,,,,,,,,,,,,,,,,,,,,77.5299987792969,,,,,,,,,,,,,,,,84.0699996948242,,,,,,,,,,,90.7200012207031,,94.120002746582,94.1399993896484,94.25,94.9599990844727,,95.2900009155273,95.4000015258789,91.5,,,95.5500030517578,,90.6800003051758,,,91.5,
South Africa,ZAF,"Literacy rate, adult total (% of people ages 15 and above)",SE.ADT.LITR.ZS,,,,,,,,,,,,,,,,,,,,,76.1999969482422,,,,,,,,,,,,,,,,82.4000015258789,,,,,,,,,,,88.7200012207031,,92.8899993896484,92.879997253418,93.0999984741211,93.7300033569336,,94.1399993896484,94.370002746582,91.7399978637695,,,95.0199966430664,,90.0,,,91.1500015258789,
South Africa,ZAF,"Population, total",SP.POP.TOTL,16440172.0,16908035.0,17418522.0,17954564.0,18511361.0,19089380.0,19690087.0,20314066.0,20957287.0,21614676.0,22279984.0,22942143.0,23609456.0,24294263.0,24989108.0,25690940.0,26395450.0,27118952.0,27869507.0,28634162.0,29518857.0,30541044.0,31615339.0,32739304.0,33892788.0,35042093.0,36180515.0,37326190.0,38480649.0,39628575.0,40746268.0,41687898.0,42443509.0,43297156.0,44004139.0,44541554.0,45123018.0,45666838.0,46223880.0,46730335.0,47159719.0,47566800.0,48019415.0,48500348.0,48991421.0,49490033.0,49998277.0,50528584.0,51114599.0,51728516.0,52344051.0,52995205.0,53782567.0,54678791.0,55594838.0,56723537.0,57259551.0,57635162.0,58613001.0,59587885.0,60562381.0,61502603.0,62378410.0,63212384.0,64007187.0,64747319.0
South Africa,ZAF,"Primary completion rate, total (% of relevant age group)",SE.PRM.CMPT.ZS,,,,,,,,,,,,,,,,,,,,,,,,,,,,,,,,82.2167816162109,,,,,,,75.4322662353516,70.7606811523438,72.5771865844727,,79.1525115966797,83.510383605957,89.5050582885742,,,,,,,,,,,91.3366137480997,90.274209979999,,92.4496153244785,93.0121131588576,92.6580245068739,95.2203914213668,97.101965691325,95.3327484577974,,
South Africa,ZAF,"School enrollment, primary (% gross)",SE.PRM.ENRR,,,,,,,,,,,100.113403320312,,,,,100.435859680176,,88.1856918334961,81.968132019043,82.0521087646484,,82.4920806884766,80.3132171630859,,,,79.0849304199219,80.4052963256836,80.8463668823242,105.283790588379,104.668037414551,103.930038452148,,,102.505897521973,101.34245300293,,98.2605972290039,97.4948425292969,97.4272766113281,92.5673980712891,93.3558502197266,95.7393798828125,96.9286880493164,97.8168182373047,97.5326766967773,98.6235504150391,101.155158996582,102.36882019043,102.598709106445,103.439766353826,104.046046582293,104.707209964618,104.091085183075,104.198023633162,107.31211891045,103.418217474354,101.580084478322,100.424313489355,101.120463910543,101.300342707463,101.741377795018,102.402386766287,101.772235793474,,
South Africa,ZAF,"School enrollment, primary (gross), gender parity index (GPI)",SE.ENR.PRIM.FM.ZS,,,,,,,,,,,0.989040017127991,,,,,,,,,,,,,,,,0.992160022258759,0.991400003433228,0.991270005702972,1.00327003002167,1.00240004062653,1.00082004070282,,,0.977739989757538,0.991509974002838,,0.982400000095367,0.982609987258911,0.979179978370667,0.958949983119965,0.97136002779007,0.973479986190796,0.970459997653961,0.966229975223541,0.966229975223541,0.964990019798279,0.969640016555786,0.969330012798309,0.965659976005554,0.961709976196289,0.959550023078918,0.9582399725914,0.957830011844635,0.961239993572235,0.933380007743835,0.968039989471436,0.966669976711273,0.961589992046356,0.965240001678467,0.959590017795563,,,,,
South Africa,ZAF,"School enrollment, primary, female (% gross)",SE.PRM.ENRR.FE,,,,,,,,,,,100.989562988281,,,,,,,,,,,,,,,,79.4231872558594,80.6910095214844,81.120849609375,106.289710998535,105.653297424316,104.777908325195,,,101.826820373535,101.328903198242,,97.8721084594727,97.1354293823242,96.906867980957,91.1012268066406,92.4681015014648,94.9300308227539,95.9633483886719,96.6393432617188,96.3819198608398,97.4347076416016,100.223648071289,101.459808349609,101.526077270508,102.170754886815,102.623694366327,103.214713504604,102.529559327778,102.745333286284,104.190125839008,101.958605835643,100.065701224434,98.6527363253597,99.3009028144881,98.9446663165652,99.2974137392461,99.6891136453364,99.2114165226394,,
South Africa,ZAF,"School enrollment, primary, male (% gross)",SE.PRM.ENRR.MA,,,,,,,,,,,99.261962890625,,,,,,,,,,,,,,,,78.7574920654297,80.1289291381836,80.5810317993164,104.311561584473,103.715766906738,103.110076904297,,,103.167098999023,101.355651855469,,98.6394119262695,97.8452606201172,97.9345321655273,93.9961166381836,94.2206726074219,96.5275726318359,97.8684997558594,98.9629516601562,98.6525726318359,99.7800827026367,102.060897827148,103.251953125,103.640060424805,104.670935187971,105.425109410188,106.153178745031,105.604613020274,105.607631304648,110.342510343098,104.835238624369,103.051750060763,102.152484704871,102.903044636248,103.618534842044,104.157526977524,105.097335777806,104.315189610902,,
South Africa,ZAF,"School enrollment, secondary (% gross)",SE.SEC.ENRR,,,,,,,,,,,,,,,,,,,,,,,,,,,,,,63.833080291748,67.8069534301758,72.5068588256836,,,86.9962615966797,,,,82.7563323974609,79.1032485961914,74.3193817138672,73.9493103027344,74.4450225830078,75.5357818603516,78.2966613769531,80.4203414916992,83.7833480834961,85.5366287231445,84.0473480224609,85.9605407714844,86.5922045596808,88.9442291259766,92.1625137329102,,101.163200378418,104.622812990742,103.855987548828,105.623168945312,101.399612936693,103.78912033531,103.501178102472,106.443303990911,104.535066506498,104.133480684239,,
South Africa,ZAF,"School enrollment, tertiary (% gross)",SE.TER.ENRR,,,,,,,,,,,3.98837995529175,,,4.39184999465942,,,,,,,,,,,,,,,10.5210103988647,11.3259296417236,11.43630027771,11.8450698852539,12.3273200988769,13.6232995986938,15.7045001983643,,,,,,,,,,,,,,,,,,17.9447234835981,18.6088225305342,18.4813356370067,19.0332949537661,18.9292980324153,21.0902909603212,22.3515425184231,22.2442465104023,22.6148742572009,22.3431289991291,23.7271036201865,23.493768799339,,
Tanzania,TZA,GDP per capita (current US$),NY.GDP.PCAP.CD,275.296020507813,285.156799316406,303.997436523438,329.010589599609,346.301818847656,342.077941894531,380.497924804688,384.642944335938,399.301635742188,405.450805664063,217.235641479492,224.451416015625,246.546295166016,283.801849365234,328.783599853516,364.969940185547,397.542755126953,458.058349609375,529.603637695313,542.11474609375,611.211791992188,683.913269042969,701.959838867188,685.276489257813,609.331420898438,700.450073242188,479.281768798828,334.822784423828,307.50634765625,259.502227783203,243.611557006836,276.452453613281,250.329925537109,224.491546630859,228.890029907227,258.418334960938,313.658386230469,363.597686767578,386.378448486328,392.621765136719,401.698150634766,396.638732910156,402.649047851563,422.18359375,450.385284423828,483.334869384766,475.746734619141,543.198303222656,675.977233886719,693.823547363281,736.530151367188,775.392761230469,861.969909667969,963.05712890625,1022.74841308594,939.127319335938,953.0107421875,986.674011230469,1023.10626220703,1063.32250976563,1117.41528320313,1159.85656738281,1207.52062988281,1224.00219726563,1192.60668945313,1318.81921386719
Tanzania,TZA,"Government expenditure on education, total (% of GDP)",SE.XPD.TOTL.GD.ZS,,,,,,,,,,,,1.72370004653931,1.74755001068115,1.87657999992371,1.91419005393982,,,,,,2.62531995773315,,,,,,,,,1.54892003536224,1.4723299741745,,,,,,1.74416995048523,1.69306004047394,1.49838995933533,,,,,,3.56245994567871,3.54747009277344,3.00991988182068,4.0334300994873,4.18591022491455,3.96075010299683,4.54169988632202,4.57789905920015,4.22964300342458,4.63769446369719,3.38488006591797,4.19486548285076,4.10196721791864,4.43052005767822,3.69962000846863,3.59683638888648,3.23097255920833,3.11515335288784,3.2382450375764,3.25853222146531,3.15504437906936,
Tanzania,TZA,"Literacy rate, adult female (% of females ages 15 and above)",SE.ADT.LITR.FE.ZS,,,,,,,,,,,,,,,,,,,,,,,,,,,,,48.0900001525879,,,,,,,,,,,,,,62.1699981689453,,,,,,,,,,73.3499984741211,,74.095806063519,73.0899963378906,,,,,78.4582997743448,,73.129997253418,,,
Tanzania,TZA,"Literacy rate, adult male (% of males ages 15 and above)",SE.ADT.LITR.MA.ZS,,,,,,,,,,,,,,,,,,,,,,,,,,,,,71.370002746582,,,,,,,,,,,,,,77.5100021362305,,,,,,,,,,83.379997253418,,86.2859390848228,83.1999969482422,,,,,86.370788669931,,84.25,,,
Tanzania,TZA,"Literacy rate, adult total (% of people ages 15 and above)",SE.ADT.LITR.ZS,,,,,,,,,,,,,,,,,,,,,,,,,,,,,59.1100006103516,,,,,,,,,,,,,,69.4300003051758,,,,,,,,,,78.0999984741211,,79.8949432291161,77.8899993896484,,,,,82.2361019196766,,78.2099990844727,,,
Tanzania,TZA,"Population, total",SP.POP.TOTL,9901419.0,10187886.0,10487756.0,10799528.0,11127826.0,11470728.0,11827459.0,12200109.0,12602076.0,13036700.0,13492677.0,13971451.0,14479308.0,15010101.0,15561630.0,16138361.0,16736211.0,17352929.0,17976566.0,18592038.0,19189769.0,19784703.0,20398571.0,21079874.0,21779066.0,22501693.0,23258959.0,24030378.0,24769686.0,25438759.0,26110207.0,26780436.0,27457588.0,28332692.0,29442356.0,30383497.0,30945762.0,31578089.0,32420458.0,33300330.0,34260139.0,35198299.0,36121304.0,37089555.0,38109668.0,39182076.0,40294902.0,41435512.0,42570728.0,43633982.0,44758488.0,46029367.0,47374260.0,48824128.0,50351512.0,52020962.0,53824013.0,55652890.0,57437145.0,59174891.0,60972798.0,62830412.0,64711821.0,66617606.0,68560157.0,70545865.0
Tanzania,TZA,"Primary completion rate, total (% of relevant age group)",SE.PRM.CMPT.ZS,,,,,,,,,,,,21.4805107116699,26.5663204193115,30.1416206359863,34.0841293334961,38.2949104309082,41.88671875,,,,,78.9098281860352,89.1681976318359,94.2282333374023,121.187713623047,77.912841796875,68.5648727416992,65.1747131347656,58.7225685119629,44.6944999694824,,59.7375984191895,53.0999412536621,56.2946395874023,54.3743209838867,,,58.0270004272461,48.4726295471191,57.7683715820312,50.2787590026855,55.7434883117676,59.5667915344238,,58.828670501709,55.8463096618652,73.2211532592773,83.7538070678711,,100.576538085938,84.7566249901706,81.2205565921065,78.2992447768831,74.193210569528,,64.0960613008478,61.0601160776836,67.2734642386931,67.5348797150181,64.7094759010993,68.4711470524733,74.4260315082726,,89.3124694824219,77.3311793094267,
Tanzania,TZA,"School enrollment, primary (% gross)",SE.PRM.ENRR,,,,,,,,,,,35.7577209472656,37.1833000183105,39.6385803222656,42.3698310852051,45.6685981750488,55.5494918823242,65.5550079345703,73.3651962280273,92.6961822509766,95.2077789306641,95.434928894043,96.0772476196289,91.3561172485352,88.8301010131836,83.5062484741211,73.0131378173828,70.0377502441406,67.7716064453125,65.7355804443359,65.9580383300781,66.7098770141602,67.6530685424805,67.8285980224609,68.8042526245117,68.3502197265625,68.2438812255859,67.9035873413086,68.5283508300781,66.8706817626953,67.8792419433594,69.492431640625,75.7181167602539,90.610237121582,96.8610763549805,101.592483520508,105.037376403809,107.455772399902,108.751991271973,109.176727294922,103.463706970215,100.14820098877,95.0884666333147,91.9735025482608,88.8300914467545,85.9364790514687,84.2207717895508,85.2800976460579,89.5967210005503,94.9840282240997,97.6456520812412,98.5753622403869,98.6999541804178,90.6152672281358,95.6409804093201,92.6902654262381,
Tanzania,TZA,"School enrollment, primary (gross), gender parity index (GPI)",SE.ENR.PRIM.FM.ZS,,,,,,,,,,,0.658320009708405,0.657769978046417,0.661530017852783,0.677290022373199,0.696579992771149,0.731400012969971,0.769959986209869,0.80511999130249,0.850669980049133,0.878620028495789,0.902350008487701,0.925140023231506,0.949129998683929,0.978380024433136,0.991299986839294,1.00958001613617,1.01776003837585,1.00926005840302,1.00559997558594,0.997640013694763,0.996770024299622,0.990019977092743,0.979390025138855,0.981530010700226,0.988240003585815,0.990239977836609,0.991940021514893,0.998409986495972,1.00151002407074,1.00918996334076,0.994759976863861,0.987169981002808,0.97418999671936,0.964399993419647,0.967639982700348,0.970160007476807,0.978749990463257,0.987299978733063,0.988479971885681,1.00165998935699,1.01841998100281,1.03478002548218,1.02372002601624,1.04287004470825,1.05102002620697,1.05458998680115,1.04656004905701,1.03473997116089,1.02605998516083,1.02349996566772,1.0300999879837,1.03797996044159,,,,
Tanzania,TZA,"School enrollment, primary, female (% gross)",SE.PRM.ENRR.FE,,,,,,,,,,,28.2620506286621,29.3780097961426,31.4272499084473,34.0551795959473,37.3302001953125,46.7262191772461,56.7882690429688,65.160400390625,84.8646392822266,88.760139465332,90.3060836791992,91.8510589599609,88.3213806152344,87.1325607299805,82.9628601074219,73.0809478759766,70.8058471679688,68.209602355957,66.2943572998047,66.0497970581055,66.607780456543,67.2096176147461,66.946418762207,67.9668273925781,67.7558898925781,67.7262191772461,67.4615631103516,68.3132934570312,66.7891998291016,68.0696487426758,69.1883697509766,75.0934371948242,89.2536773681641,94.9173278808594,99.7240371704102,103.236427307129,106.094291687012,107.840057373047,108.301208496094,103.283378601074,100.765632629395,96.3746353720074,93.2027221904395,90.2786166756498,87.6387208743626,86.0073471069336,86.7531453481025,90.6292565177588,95.6866843414336,98.2685798293922,99.565611356111,100.117632294618,92.9166626299757,98.0164923702291,95.3334245809176,
Tanzania,TZA,"School enrollment, primary, male (% gross)",SE.PRM.ENRR.MA,,,,,,,,,,,43.2290191650391,44.9635810852051,47.8215408325195,50.6595611572266,53.974178314209,64.3301467895508,74.2734832763672,81.5205383300781,100.474983215332,101.60018157959,100.511322021484,100.283302307129,94.3885192871094,90.5296478271484,84.0436019897461,72.9458694458008,69.2847366333008,67.3420486450195,65.1917114257812,65.8681716918945,66.8103866577148,68.0911331176758,68.7021636962891,69.6342620849609,68.9394302368164,68.7570571899414,68.3418273925781,68.7415466308594,66.9513931274414,67.6907424926758,69.7932434082031,76.3359222412109,91.9516296386719,98.782958984375,103.439987182617,106.818557739258,108.80256652832,109.654312133789,110.043312072754,103.642272949219,99.5364532470703,93.813615725262,90.7547138801667,87.3935999989684,84.2485380390835,82.4498977661133,83.8209247819078,88.5746367105108,94.2890928494878,97.0301263383835,97.5978956958899,97.3019698863298,88.3478262944592,93.3026283146193,90.0909976495286,
Tanzania,TZA,"School enrollment, secondary (% gross)",SE.SEC.ENRR,,,,,,,,,,,2.83882999420166,2.90395998954773,2.85652995109558,2.95945000648498,3.27130007743835,3.30271005630493,3.40208005905151,3.52850008010864,3.56394004821777,3.6210401058197,3.53824996948242,3.25503993034363,3.22304010391235,3.23036003112793,3.16923999786377,3.49790000915527,3.6226499080658,3.8362500667572,4.14652013778687,4.39448976516724,,5.12444019317627,5.15000009536743,5.16552019119263,5.10563993453979,5.09504985809326,5.0444598197937,5.5465898513794,,,,,,,,,,,,,31.8920497894287,,,32.3857446198788,29.6310806274414,26.090669631958,25.6429992626308,26.3711632016128,28.5933897410534,30.1824263288684,30.9205938581875,28.231330871582,,,,
Tanzania,TZA,"School enrollment, tertiary (% gross)",SE.TER.ENRR,,,,,,,,,,,0.169540002942085,0.182339996099472,0.216480001807213,0.236780002713203,0.263350009918213,0.227929994463921,0.22223000228405,0.175659999251366,0.328029990196228,0.263150006532669,,,0.266510009765625,0.268620014190674,0.277399986982346,0.273930013179779,0.274250000715256,0.321339994668961,,0.256680011749268,,0.33186000585556,0.338530004024506,0.378969997167587,0.394089996814728,0.448469996452331,0.505940020084381,0.603569984436035,0.521799981594086,0.602710008621216,0.64341002702713,0.662460029125214,0.697420001029968,0.897960007190704,1.21524000167847,1.42771995067596,,1.46310997009277,,,2.13913621753427,,3.96461947161333,3.67337417645482,,3.98361077132501,3.72893939925404,4.78205361153138,4.27996511118124,2.85588898826608,7.18188265775187,3.59164319762461,5.32159018874409,5.16887784940301,4.01880979537964,
Uganda,UGA,GDP per capita (current US$),NY.GDP.PCAP.CD,55.37849761321809,56.17592780915955,55.50487046048867,61.955376819183485,68.62599301943679,99.9527652325075,101.43541462090772,102.80034732844014,106.85122810453127,116.6822963308539,122.03092958562948,133.46808831613146,136.96473648747303,152.7094175878244,183.71757196626024,201.2372928447994,203.3098136508089,237.58488906420504,190.6901450976065,164.5130121811271,93.7506991135184,98.64675506541091,156.95242290933066,157.52721692252476,247.516937638636,234.2765027775256,253.64305881081688,392.9707432047895,395.1876609609243,310.1860252494446,244.98716812680635,182.9558973483483,152.11354241553678,165.61647621171593,198.44198799879516,278.52083566876684,284.69825928573283,286.8466379129639,292.4530370588349,257.92194960135663,258.050338731086,236.02118885399332,241.9846884083346,250.7154366468096,292.38185796262013,330.40540270702513,346.5182553106472,401.3891308655809,472.8426814958519,798.9470899382466,823.488144282,835.620060555838,795.222867553127,818.2854274167128,896.0547955463935,862.9346103558107,752.6965717256556,765.2183322973606,792.1657002281404,822.1711500363574,845.7664638901235,882.7917175425043,963.0673141171784,1002.3091391714248,1077.9127843861313,1206.304508250024
Uganda,UGA,"Government expenditure on education, total (% of GDP)",SE.XPD.TOTL.GD.ZS,,,,,,,,,,,,3.16105008125305,,3.3502299785614,3.39091992378235,3.22102999687195,2.67658996582031,,,,,,2.51552009582519,1.68909001350403,2.42835998535156,3.431960105896,,,5.10366010665894,,,,,,,,,,,,2.461669921875,,,,4.95237016677856,,,,,,1.72739994525909,2.29890990257263,1.79746997356415,1.87114000320435,1.91472005844116,2.32152009010315,2.13789010047913,2.25362992286682,2.13052010536194,2.30828081242322,2.57222181308255,2.63593612308533,2.56105027176925,,,
Uganda,UGA,"Literacy rate, adult female (% of females ages 15 and above)",SE.ADT.LITR.FE.ZS,,,,,,,,,,,,,,,,,,,,,,,,,,,,,,,,44.8300018310547,,,,,,,,,,,58.9099998474121,,,,62.0800018310547,,,,64.5899963378906,,61.9700012207031,,61.8400001525879,,61.0,,,,,73.9306654038013,,75.5800018310547,73.4800033569336,
Uganda,UGA,"Literacy rate, adult male (% of males ages 15 and above)",SE.ADT.LITR.MA.ZS,,,,,,,,,,,,,,,,,,,,,,,,,,,,,,,,68.1999969482422,,,,,,,,,,,78.3000030517578,,,,81.3899993896484,,,,82.629997253418,,79.120002746582,,75.5299987792969,,78.5,,,,,84.5676129696708,,85.7799987792969,81.2600021362305,
Uganda,UGA,"Literacy rate, adult total (% of people ages 15 and above)",SE.ADT.LITR.ZS,,,,,,,,,,,,,,,,,,,,,,,,,,,,,,,,56.1100006103516,,,,,,,,,,,68.1399993896484,,,,71.370002746582,,,,73.2099990844727,,70.1999969482422,,68.5100021362305,,69.0999984741211,,,,,79.0476540680567,,80.5100021362305,77.0400009155273,
Uganda,UGA,"Population, total",SP.POP.TOTL,7640973.0,7862217.0,8092231.0,8333663.0,8586363.0,8849203.0,9122864.0,9408924.0,9708632.0,10014858.0,10321603.0,10618206.0,10885796.0,11144236.0,11424846.0,11725240.0,12037294.0,12359669.0,12692113.0,13002163.0,13275741.0,13556452.0,13873631.0,14221881.0,14607677.0,15023681.0,15467579.0,15954170.0,16470483.0,17010698.0,17569897.0,18155901.0,18785032.0,19445161.0,20108801.0,20665667.0,21231550.0,21856046.0,22515806.0,23257281.0,24000150.0,24745676.0,25532870.0,26352124.0,27154515.0,27963289.0,28794003.0,29653430.0,30539553.0,31451151.0,32390802.0,33354543.0,34337438.0,35337042.0,36395539.0,37531446.0,38799152.0,40177388.0,41565831.0,42999637.0,44457152.0,45910930.0,47312719.0,48656601.0,50015092.0,51384894.0
Uganda,UGA,"Primary completion rate, total (% of relevant age group)",SE.PRM.CMPT.ZS,,,,,,,,,,,,,,,,37.1490097045898,37.2937889099121,,,39.2539215087891,,,39.3031997680664,,,,36.0937194824219,,,,,,,,,,,,,,,59.3925590515137,61.5201797485352,61.082088470459,57.9115905761719,56.5311813354492,,51.8688316345215,56.3994789123535,73.8512191772461,55.9794387817383,54.3607711791992,55.5063285827637,55.7912902832031,59.4263610839844,,55.0362396240234,53.3121795654297,,,,,,,,
Uganda,UGA,"School enrollment, primary (% gross)",SE.PRM.ENRR,,,,,,,,,,,36.8144111633301,38.9295616149902,37.3492813110352,37.7401390075684,39.4649696350098,42.3604583740234,43.7112312316895,46.521671295166,47.816520690918,46.9309387207031,48.5673408508301,51.172191619873,57.3769989013672,59.9551200866699,65.3844909667969,70.1265335083008,71.3322906494141,72.9804000854492,74.4516296386719,70.9636535644531,71.945068359375,72.7517013549805,65.5340118408203,70.19970703125,70.2334213256836,70.3320236206055,71.2086181640625,118.066772460938,124.29158782959,129.493148803711,130.160614013672,132.115478515625,135.938568115234,136.626251220703,127.906692504883,121.473258972168,120.099899291992,119.325012207031,122.437309265137,123.943656921387,121.312210083008,113.871620178223,113.70002746582,112.329948425293,,104.249229431152,106.540283203125,106.169578552246,,,,,,,,
Uganda,UGA,"School enrollment, primary (gross), gender parity index (GPI)",SE.ENR.PRIM.FM.ZS,,,,,,,,,,,0.634360015392303,0.639980018138886,0.664659976959229,,0.694869995117188,0.673280000686646,0.703920006752014,0.710380017757416,0.716790020465851,0.73566997051239,0.756820023059845,0.7498499751091,0.748399972915649,0.775590002536774,0.777369976043701,0.792010009288788,0.831380009651184,0.824150025844574,0.790690004825592,0.806789994239807,0.800339996814728,0.812820017337799,0.781199991703033,0.791190028190613,0.922230005264282,0.835529983043671,0.858430027961731,0.867680013179779,0.891160011291504,0.899290025234222,0.927209973335266,0.952660024166107,0.974629998207092,0.971199989318848,0.977630019187927,0.98497998714447,0.994620025157928,0.994360029697418,0.99711000919342,1.0001699924469,1.00713002681732,1.01091003417969,1.01248002052307,1.01718997955322,1.01840114593506,1.02101004123688,1.03222000598907,1.02788996696472,,,,,,,,
Uganda,UGA,"School enrollment, primary, female (% gross)",SE.PRM.ENRR.FE,,,,,,,,,,,28.4561996459961,30.2421398162842,29.6730499267578,,32.1604690551758,33.8644409179688,35.8587417602539,38.3478584289551,39.603141784668,39.4501495361328,41.4882316589355,43.4670104980469,48.6669883728027,51.8853416442871,56.6555480957031,61.4177093505859,64.1696166992188,65.3432235717773,65.1608581542969,62.8367118835449,63.4644203186035,64.7680816650391,57.1099815368652,61.6577606201172,67.0373001098633,63.7256011962891,65.5173492431641,109.322357177734,116.784729003906,122.281127929688,124.879066467285,128.519546508789,133.742965698242,134.133743286133,125.985122680664,120.130126953125,119.473091125488,118.772537231445,122.068260192871,123.702079772949,121.341621398926,113.938598632812,113.68595123291,112.433616638184,,104.409622192383,107.353561401367,106.836692810059,,,,,,,,
Uganda,UGA,"School enrollment, primary, male (% gross)",SE.PRM.ENRR.MA,,,,,,,,,,,45.2309799194336,47.6763687133789,45.0772285461426,,46.8188209533691,50.913200378418,51.6178092956543,54.754508972168,56.0924911499023,54.4700584411621,55.7032585144043,58.9416007995605,66.162483215332,68.0974197387695,74.1944122314453,78.9190216064453,78.5663909912109,80.6972808837891,83.8446426391602,79.1852111816406,80.5287475585938,80.8355026245117,74.0660095214844,78.8528900146484,73.4716873168945,77.0261077880859,76.9745635986328,126.923789978027,131.891586303711,136.789901733398,135.499618530273,135.746597290039,138.152862548828,139.137054443359,129.840072631836,122.823417663574,120.729469299316,119.879577636719,122.807640075684,124.186058044434,121.282707214355,113.804397583008,113.714149475098,112.225967407227,,104.088592529297,105.726837158203,105.503372192383,,,,,,,,
Uganda,UGA,"School enrollment, secondary (% gross)",SE.SEC.ENRR,,,,,,,,,,,3.47943997383118,,,3.5278799533844,3.50662994384766,3.52420997619629,4.16145992279053,4.27235984802246,4.35549020767212,4.45361995697021,4.8145899772644,5.11131000518799,7.60493993759155,6.74786996841431,7.92201995849609,8.47751045227051,9.7850399017334,10.7959995269775,11.3819599151611,,11.0182104110718,10.3139801025391,10.0910997390747,10.0285797119141,10.2928104400635,10.6459398269653,,10.1793003082275,,,,,,,19.1225490570068,,,24.0911102294922,,,,,,,,,,,,,,,,,,
Uganda,UGA,"School enrollment, tertiary (% gross)",SE.TER.ENRR,,,,,,,,,,,0.472330003976822,0.470660001039505,0.537869989871979,,0.541930019855499,0.51512998342514,0.471969991922378,0.563359975814819,0.592270016670227,0.522759974002838,0.485639989376068,0.535380005836487,0.583639979362488,,,0.735010027885437,0.775829970836639,0.847249984741211,0.921400010585785,0.924139976501465,1.05559003353119,1.23331999778748,1.20323002338409,1.30781996250153,1.45316004753113,1.5566600561142,1.78656005859375,,,1.9514000415802,2.61231994628906,2.85116004943848,3.54375004768372,3.77904009819031,3.65948009490967,,3.56147003173828,,3.80542993545532,4.19193983078003,3.9166100025177,4.37658023834229,3.74987006187439,,4.61899995803833,,,,,,,,,,,
